answer1,answer2,label,berttrained
rotiert,"schwingt bei vertikaler Polarisation der elektrische Feldvektor zwischen oben und unten, bei horizontaler Polarisation zwischen links und rechts",0.0,0.17422913014888763
in Blautönen gehaltenen Außenwände,Blaues,1.0,0.5799956321716309
'Anorthotiko Komma Ergazomenou Laou'',Fortschrittspartei des werktätigen Volkes,2.0,-0.04006487876176834
aus dem englischen,"von  ‚Geißel‘, ‚Seuche‘ und lat.  ‚töten‘",0.0,0.20662127435207367
Ramadan-Monat,sind üblicherweise an den Rändern der Koranexemplare markiert,0.0,0.29183390736579895
"denn es ist eine beliebte Praxis, verteilt auf die dreißig Ramadan-Nächte, eine Chatma, also eine Komplettlesung des Korans, vorzunehmen",Sie finden vor allem in der Liturgie Verwendung und dienen als Maßeinheiten zur Festlegung von Gebetspensen,0.0,0.3909679353237152
an den Rändern der Koranexemplare markiert,Die Grenzen zwischen den einzelnen Dschuzʾ- und Hizb-Abschnitten befinden sich meistens mitten in einer Sure.,0.0,0.2731170356273651
bis etwa 1 MHz,niedriger,0.0,-0.0023809545673429966
Nährgebiet,Akkumulationsgebiet,2.0,0.48223933577537537
Zehrgebiet,Ablationsgebiet,2.0,0.4181750416755676
Funktion eines Prädikativums,fast nur im gehobenen Stil verwendet,0.0,0.2022680640220642
das lateinische Alphabet in Groß- und Kleinschreibung,ABCDEFGHIJKLMNOPQRSTUVWXYZ,1.0,0.10125903785228729
"An der Gletschersohle sowie den Flanken eines Gletschers kann das Eis oft am anstehenden Gestein festfrieren, wodurch hier keine Bewegung möglich ist.",Auf molekularer Ebene besteht Eis aus übereinanderliegenden Molekülschichten mit relativ schwachen Bindungskräften zwischen den einzelnen Schichten,0.0,0.47613805532455444
am Golf von Mexiko in der Golfküstenebene,Südküste,0.0,0.21580372750759125
Johads,Johad,2.0,0.82212895154953
die alten traditionellen Methoden des Regenwassersammelns zu dokumentieren und Pilotprojekte aufzubauen,Die Menschen werden jetzt wieder verstärkt in die Wasserversorgung einbezogen,0.0,0.31969061493873596
Sheffield United,Brian Deane,0.0,0.15424518287181854
"USA, in Kanada und in Australien (hier nur umgangssprachlich)","in den USA vor allem zum American Football, in Kanada zum Canadian Football und in Australien zum Australian Football",1.0,0.6402071714401245
Baktrien,Afghanistan und Pakistan,0.0,0.087797150015831
Die Anzahl der Einwohner wird in unterschiedlichen Quellen nicht einheitlich angegeben.,"Für das Jahr 2017 wird die Einwohnerzahl bei den Vereinten Nationen mit 5,1 Millionen, im CIA World Factbook mit 5,9 Millionen
und bei Statista mit 6,7 Millionen angegeben",1.0,0.16411082446575165
Im internationalen Vergleich ist die Versorgungsquote mit Verhütungsmitteln in Eritrea schlecht.,nur 7 % der verheirateten Frauen Zugang zu modernen Verhütungsmitteln,1.0,0.1659851223230362
Das Betreten – außer zum Be- und Entladen – sowie die Mitfahrt sind verboten.,"Ein Güteraufzug ist nach der bisherigen deutschen Aufzugsverordnung eine Aufzugsanlage, die ausschließlich zum Transport von Gütern ohne die Begleitung von Personen gedacht ist.",1.0,0.5035668611526489
durch die jahrelange öffentliche Abwesenheit,"Für viele Untertanen wurde die „Witwe von Windsor“ („Widow of Windsor“) zu einer etwas wunderlichen Einsiedlerin im Witwenkleid, einer entrückten Gestalt, ehrfurchtgebietend und über ein weltumspannendes Imperium herrschend",0.0,-0.0068829054944217205
-lijer,op,0.0,0.46586814522743225
Neben Krankheiten basiert der pejorative Wortschatz vor allem auf Geschlechtsteilen und Sexualität.,Krankheiten,1.0,0.33719131350517273
500 MB/s,5 Gbit/s,0.0,0.5678843855857849
23 Uhr,23.00 Uhr,2.0,0.9293212890625
„Last Order“,eine Glocke,0.0,0.1909814029932022
1897,23. September 1896,0.0,0.5532207489013672
"Indianerstämmen der Muskogee, der Seminolen, der Cherokee, der Choctaw und der Chickasaw zu (den „Fünf zivilisierten Nationen“), die aus den östlichen Staaten vertrieben wurden. Etwa 50.000 Menschen wurden nach Oklahoma getrieben, wo sie auf bereits ansässige andere Indianerstämme trafen.",Umsiedlung,1.0,0.3606145679950714
Großer Schneesturm,wegen eines Unwetters,1.0,0.2884356677532196
Nationalstaatsidee,einem vereinten deutschen Staat,1.0,0.34317854046821594
Pädagogen Friedrich Fröbel,Fröbel,2.0,0.6621343493461609
Meyers Konversations-Lexikon,Brockhaus Enzyklopädie,0.0,0.21697752177715302
für höhere Organismen nur relativ schwach giftig,"So kann ein Mensch täglich 0,04 Gramm Kupfer zu sich nehmen, ohne Schaden an seiner Gesundheit zu erleiden",1.0,0.15833380818367004
unter 2 %,"nahe, aber unter 2 %",2.0,0.8098881840705872
vis viva,lebendigen Kräfte,2.0,0.4540884792804718
Behandlung der elastischen Deformation,Lösung der Bewegungsgleichungen vor allem in der Himmelsmechanik,0.0,0.291725754737854
das Funktionsprinzip der Dampfmaschine,"Der Physiker Nicolas Carnot erkannte, dass beim Verrichten von mechanischer Arbeit eine Volumenänderung des Dampfs nötig ist. Außerdem fand er heraus, dass die Abkühlung des heißen Wassers in der Dampfmaschine nicht nur durch Wärmeleitung erfolgt",1.0,0.5407040119171143
Thayendanegea,Joseph Brant,2.0,0.22826577723026276
die junge weiße Frau Mayella vergewaltigt zu haben,Vergewaltigung,1.0,0.3961643874645233
der Verurteilte wird kurz nach dem Prozess bei einem Fluchtversuch erschossen,Am Ende des Romans begleitet Scout ihren Nachbarn Boo wieder zurück in sein Haus,0.0,0.084091417491436
"veredelte, geschmückte und verzierte, oft aufwendig bearbeitete Papiererzeugnisse die von etwa 1820/1860 bis 1920/1930 hergestellt wurden, als es eine eigene Luxuspapierindustrie gab","Andachts- und Fleißbildchen, viele Ansichts- (Leporello), Gelegenheits- (Glückwunsch-, Weihnachts- und Neujahrskarten) und Bildpostkarten (Motivkarten), verzierte Briefbogen, Etiketten, allerlei Papierspielzeug (Papiertheater), Reklamemarken und Sammelbilder und vieles mehr",0.0,0.35551899671554565
Die Partei der Demokratischen Revolution,Movimiento Progresista,1.0,0.5114434361457825
"Die Sprachwahl war, neben den stilisierbaren Protagonisten des „Wettrennens ins All“, den „Helden“, einer der Gründe für die Popularität der Raumfahrt in den 60ern. Durch diese Sprachwahl konnte ein breiteres Publikum angesprochen werden, ein hochpolitisches Thema wurde für breite Massen dadurch „lesbar“, beziehungsweise damit aufbereitet.",Politik und Medien glorifizierten in den 1960ern das Ringen um kosmische Überlegenheit und allgemeine Begeisterung für den Schauplatz und seine Akteure,2.0,0.5041088461875916
Das objektive Jagdrecht,Jagdrecht,2.0,0.7828755974769592
Generell bilden Regelungen zum rechtlichen Status des Wildes und zum Inhaber des subjektiven Jagdrechts,Frankfurter Reichsverfassung vom 28. März 1849,0.0,0.06603400409221649
weitergehende Regelungen,"z. B. Restriktionen zu den jagdbaren Wildarten, Jagd- und Schonzeiten für das jagdbare Wild, Verbote bestimmter Jagdwaffen und -methoden, Voraussetzungen für Ausstellung eines Jagdscheins, Meldepflichten für erlegtes Wild, Vorschriften zum Umgang mit Wildbret und zahlenmäßige oder qualitative Begrenzungen beim Erlegen von jagdbaren Wild",1.0,0.32576969265937805
"Zum einen können die Genprodukte der Chromosomen direkt in den Zellen wirken, in denen sie exprimiert werden. Zum anderen bedingen die Gonosomen die Entwicklung der Gonaden, die die Geschlechtshormone bilden.","Geschlechtshormone, wie Testosteron und die Östrogene, wirken nicht nur auf die Keimdrüsen, sondern in vielfältiger Weise auf das gesamte Nervensystem: auf Nervenzellen, Synapsen, Genexpression",0.0,0.6918613314628601
die NATO,syrischen Geheimdienst,0.0,0.3464708924293518
Nintendo Advanced Video System,Famicom,0.0,0.16244511306285858
"Bei Allergien, auch als Überempfindlichkeitsreaktion bezeichnet",so genannten Autoimmunerkrankungen,1.0,0.37021005153656006
"Der Berstwiderstand gibt den benötigten Druck an, um ein Papier zum Bersten zu bringen.","Druck, der zum Durchstoßen des Papiers erforderlich ist",2.0,0.7435669898986816
das Fehlen des vokalisierten «L»,die Übernahme einiger Wörter aus dem früheren Unterschichtsquartier Matte,0.0,0.15114350616931915
am 24. November 1859,1859,1.0,0.7860345244407654
derjenigen anderer früher indogermanischer Völker ähnlich,"In den Naturerscheinungen, besonders den Phänomenen des Himmels, sahen die Slawen wirkliche Wesen, die sie sich mit Denken und Empfinden ausgestattet vorstellten, einige wohltätig, andere zerstörend wirkend",0.0,0.23147307336330414
bog,"Svarog (der ''Schöpfer''), als Urheber des Donners heißt er Perun (balt. ''Perkunas'')",0.0,0.16729193925857544
Erich Wolfgang Skwara,Raoul Schrott,0.0,0.4340289533138275
"Friedrich II. die österreichische Provinz Schlesien erobert und versuchte, sie mittels eines Bündnissystems gegen eine mögliche Rückeroberung zu behaupten.
* Österreich unter Mar",den preußischen König Friedrich II. (1712–1786) außenpolitisch zu isolieren,0.0,0.36417555809020996
die zahlreichen Brunnen in der Stadt rund um den See,dieser künstliche See mit Namen Gadisar,0.0,0.4207432270050049
"die Hauptgruppen sind: die Einsicht in die Lehre, ihre ethischen Grundlagen und die Schwerpunkte des geistigen Trainings (Meditation/Achtsamkeit)",dreigeteilt,1.0,0.048099443316459656
"da im Gegensatz zu anderen Materialien bei Blei keine Wirkschwelle benannt werden kann, unter der die Aufnahme von Blei gesundheitlich unbedenklich ist.",aus Gründen des Umweltschutzes (siehe Bleibelastung der Umwelt) und gesundheitlichen Gründen (siehe Bleivergiftung),1.0,0.5100023746490479
vorzugsweise bei Sendern hoher Leistung,bei großen hochfrequenten Strömen und Spannungen im Kilovolt-Bereich,0.0,0.5267249345779419
bei großen hochfrequenten Strömen und Spannungen im Kilovolt-Bereich,vorzugsweise bei Sendern hoher Leistung,0.0,0.5267249345779419
51. Bundesstaat,Democrats Abroad,0.0,0.14741891622543335
"die dann unter der Bezeichnung „Rationalismus“ zusammengefasst werden. Diese Positionierung dient vor allem der Distanzierung des Empirismus von traditionellen, scholastisch-rationalistischen Auffassungen.
Diese Auffassungen gehen davon aus, dass Weltwissen auch aus reinem Denken möglich ist oder dieses reine Denken sogar die primäre oder ausschließliche Erkenntnisquelle ausmache.",Rationalismus,1.0,0.37477433681488037
"Unter Einhaltung dieser Bedingungen weicht sie möglichst wenig von der örtlichen Sonnenzeit ab. Die Differenz zwischen der örtlichen Sonnenzeit und der Zonenzeit eines Ortes ist östlich des Mittelmeridians negativ und westlich davon positiv, und sofern die Grenzen der Zeitzonen in etwa mit ihrer natürlichen Lage übereinstimmen – was heute oft nicht mehr zutrifft –, ist der Betrag dieser Differenz im Jahresmittel nirgends wesentlich größer als eine halbe Stunde.",Die Sommerzeit ist damit gleich der Zonenzeit der östlich benachbarten Zeitzone,1.0,0.5558189153671265
die Zonenzeit in der Mitteleuropäischen Zeitzone mit dem Bezugsmeridian der geographischen Länge 15° Ost,die Mitteleuropäische Zeit,2.0,0.4143475890159607
"eingeschleppte Krankheiten, Strafexpeditionen, Umsiedlungen und Zwangsarbeit",Krankheiten,1.0,0.31872615218162537
Downtown Houston,Houston,1.0,0.8602399230003357
Gewaltenteilung,die fehlende Trennung zwischen Exekutive (ausübende) und Legislative (gesetzgebende Gewalt),2.0,0.5237685441970825
Eine anhaltende erhöhte Zinkzufuhr kann zu Kupfermangel und Störungen in der Blutbildung führen.,"ab 200 mg können Symptome wie Übelkeit, Erbrechen oder auch Durchfall auftreten. Beim Menschen führt die Aufnahme von Zink ab etwa 2 g zu akuten Vergiftungserscheinungen",1.0,0.4361324906349182
Außenrufe und Innenkommandos,Eingabe eines Fahrtwunsches über die Außentableaus (Ruf) oder vom Kabinentableau (Kommando),2.0,0.5584980249404907
einer ca. 200.000 Jahre alten Fundstelle aus der Zeit des Neandertalers an einem ehemaligen Seeufer bei Frankleben in Sachsen-Anhalt,Hinweis auf das Gerben von Tierhäuten,0.0,0.17055636644363403
Die Effektivität als Kleidung wurde durch die Erfindung des Nähens erheblich gesteigert,da Kleidung nun geschlossen und dem menschlichen Körperbau angepasst werden konnte,0.0,0.46083521842956543
Haus Oranien,von Oranien,2.0,0.8045040369033813
"dass sich der Vater, als er bei der Meldung der Geburt zurückrechnete, eine Woche zu viel zählte und fälschlicherweise den 22. Februar als Geburtstag seines Sohnes eintragen ließ","Die beiden Urkunden verzeichnen als Geburtsdatum den 22. Februar 1810, aber sowohl Chopin als auch seine Mutter gaben als Geburtstag den 1. März 1810 an",0.0,0.5433586835861206
durch Schlafmangel und Dehydrierung ausgelösten temporären Psychose,wegen eines Nervenzusammenbruchs,1.0,0.4679713547229767
etwas über einer Million Einwohnern,659.433 Einwohnern (2009),0.0,0.06533332169055939
acht,acht Stadtbezirke,2.0,0.6858016848564148
Eklogen,''Eklogen'' oder ''Bucolica'',1.0,0.5311673879623413
"nur bis eine Gigawattstunde pro Jahr die EEG-Umlage in voller Höhe berechnet. Für den Energieanteil zwischen einer und 10 Gigawattstunden sind 10 % der EEG-Umlage zu bezahlen, zwischen 10 und 100 Gigawattstunden nur noch 1 % der EEG-Umlage.","Die Deutsche Bahn AG sah sich bei deren Umsetzung mit Mehrausgaben von jährlich 500 Millionen Euro belastet, von denen 137 Millionen Euro durch den möglichen Entfall der geminderten EEG-Umlage entstehen würden und 350 Millionen Euro durch die mögliche Einführung der EEG-Umlage für selbsterzeugten Strom",0.0,0.4175104796886444
"Männer, denen das Wahlrecht zustand, waren automatisch registriert, Frauen mussten einen besonderen Antrag stellen, um ihre politischen Rechte ausüben zu können","Für Männer bestand Wahlpflicht, für Frauen nicht",0.0,0.5143438577651978
muslimische Gemeinden,"Kimbanguisten, sowie neuapostolische Christen",0.0,0.15074555575847626
"Im Gegensatz zu den meisten anderen Religionen und zum Synkretismus führte der wachsende Ausschließlichkeitsanspruch des Christentums zur Verweigerung gegenüber dem Kaiserkult und damit der römischen Autorität,","Dies führte zu Maßnahmen gegen die beiden Religionen, die mit dem Polytheismus unvereinbar zu sein schienen",0.0,0.4640060067176819
313 n. Chr.,311 n. Chr.,0.0,0.8424124121665955
da diese immer nur einen Einzelfall repräsentierten,"Klassischerweise schränken viele Empiristen die intuitiv-deduktive Form des Wissens auf die Verhältnisse zwischen den Begriffen ein, die bestenfalls die Operationen des eigenen Verstandes repräsentieren",0.0,0.1839151531457901
durch das Metrum,die Schwingung selbst und jede denkbare praktische Involvierung,0.0,0.25728145241737366
als elementare Voraussetzung der Musik,Musik ist von den Künsten der Zeit am nächsten,0.0,0.4722966253757477
besonders flüchtig,Medium in der Zeit,0.0,0.2696242332458496
Goring House,Buckinghams Haus,2.0,0.35340866446495056
1703,etwa 1633,0.0,0.44605356454849243
nach seinem Kurzfilm ''Amblin'',Amblin Entertainment,0.0,0.5662757754325867
16. Dezember 2015,1982,0.0,0.1543067842721939
Anthony Porter,Porter,1.0,0.7318537831306458
die klassische Periode der japanischen Literatur,"Am Hof von Heian wurden die japanische Kultur, Kunst und Sitten zu außerordentlicher Verfeinerung geführt",0.0,0.34776344895362854
Hiragana,onna-de,0.0,0.3007577955722809
Familie Fujiwara,Fujiwara-Familie,2.0,0.9510937929153442
durch ihre geschickte Heiratspolitik,der vier seiner Töchter an Kaiser verheiratete,1.0,0.21455346047878265
die ''Genji'' (''Minamoto'') und die ''Heike'' (''Taira''),"als die Taira ihre Macht durch Einheirat in die kaiserliche Familie etabliert hatten, erhoben sich die Genji wieder und der ''Gempei-Krieg'' entbrannte",1.0,0.4201734960079193
Klan der Taira,Taira,2.0,0.803586483001709
Point after Touchdown,Field Goal,1.0,0.4032650589942932
ASPTT Strasbourg,Racing Straßburg,0.0,0.7871525883674622
"Jung-, Spät- und Endneolithikum",Beginn der Metallverarbeitung im Schmelzverfahren,0.0,0.22040848433971405
Der kanadische Premierminister,Brian Mulroney,1.0,0.13468340039253235
den Nobelpreis für Physiologie oder Medizin,die Gewinnung monoklonaler Antikörper,0.0,0.23840950429439545
Graphitrohr-AAS,Polarographie,0.0,0.13708889484405518
Allen Welsh Dulles,"Dulles, der zwischen 1953 und 1961 als Direktor der CIA fungierte, war neben George Tenet am längsten an der Spitze der amerikanischen Auslandsspionage",1.0,0.2341931015253067
von Parlamentariern,Einflussreiche Bürger,1.0,0.3077273964881897
Ramon Llull,Grafen von Barcelona und des nachfolgenden katalanisch-aragonesischen Staatenbunds,0.0,0.04271853715181351
"Weitere beliebte Insekten der Terrarianer sind Stabheuschrecken, Fangschrecken und verschiedene Käfer- und Schabenarten, außerdem werden Mehlkäferlarven (Mehlwürmer), Grillen und andere Insekten als Futtertiere für Reptilien und andere Heimtiere sowie als Angelköder gezüchtet. Eine Entwicklung der letzten Jahrzehnte ist die Haltung von Schmetterlingen in großen Gewächshäusern, die als Schmetterlingshäuser für Besucher geöffnet werden und an manchen Orten zu den Sehenswürdigkeiten der Region werden.","die Ameisen,",0.0,0.34232354164123535
„Reflexionen“,Reflections on the Revolution in France,1.0,0.3838115930557251
"eine scharfe Kritik an den damals in Frankreich nach der Revolution von 1789 herrschenden Zuständen und Entwicklungen, die schließlich in der Terrorherrschaft der Jakobiner 1793/1794 mündeten.",Revolution in Frankreich,1.0,0.4391518235206604
Milladoiro oder Fuxan os Ventos,Milladoiro,1.0,0.4342637360095978
Jonas Bronck,"Nachfolgende niederländische und englische Siedler bezeichneten den von ihm in der Gegend erworbenen Grund bald als „Bronck’s Land“ und um einen dortigen Besuch anzukündigen, sagte man damals: „We are going to ''the Bronck’s''“",0.0,0.50849848985672
durch wachsende Arbeitsmigration seit den 1950er-Jahren,Nicht alle Einwohner Deutschlands sind deutsche Staatsangehörige und nicht alle deutschen Staatsangehörigen sind ethnische Deutsche,0.0,-0.05029485747218132
im Landesinneren,Südosten,0.0,0.24839302897453308
18 Kilometer,"201,7 Kilometern",0.0,0.19909262657165527
Hayek erweiterte seine Sozialismuskritik um eine Theorie der „kulturellen Evolution“ und des menschlichen Zusammenlebens in arbeitsteiligen Gesellschaften,wesentlich beeinflusst,,-0.03496255353093147
Hindi,Pahari,0.0,0.16211804747581482
"einen der Dialekte, die unter dem Oberbegriff Pahari zusammengefasst werden",Hindi,0.0,0.1962471604347229
Während der Zeit des Nationalsozialismus verfolgte der NS-Staat die Bevölkerungsminderheit mit rassistischer Zielsetzung und führte ab 1933 eine fortlaufend verschärfte Gesetzgebung ein: die Nürnberger Gesetze und ähnliche Bestimmungen.,"Verfolgung und Beraubung – zum Teil mittels Arisierung, Ghettoisierung und Inhaftierungen, Deportation – und als Grundlage für die systematischen und über Jahre fortgeführten Massenmorde während der Schoah / des Holocausts",1.0,0.4731857180595398
Reichsbürgergesetz – Erste Verordnung vom 14. November 1935,die Nürnberger Gesetze,1.0,0.2158118337392807
"An einem praktischen Beispiel erklärt bedeutet dies, dass ein Geheimdienst nicht erst mit einem Kommando Kontakt aufnehmen muss, welches dann über mehrere Soldaten in der Hierarchie eine Ausschaltung eines Ziels anordnet, sondern dass alle Aufklärungseinheiten alle verfügbaren Informationen in eine von mehreren Stellen abrufbare Datenbank eingeben, worauf Einheiten eigenständig reagieren können. Faktisch bedeutet dies eine Annäherung an die Auftragstaktik",die totale Vernetzung aller am Kampf beteiligten Elemente,0.0,0.2538229823112488
am 7. Juli 1837,7. Juli 1837,2.0,0.9876154661178589
Die aktuelle tatsächliche Netzfrequenz ist unter anderem von der aktuellen Nachfrage und dem aktuellen Angebot an elektrischer Energie abhängig und daher schwankend.,"99,5 % eines Jahres und 15,67 Hertz bis 17,33 Hertz während der restlichen 0,5 % eines Jahres",0.0,0.06144605576992035
dass Gott die Welt mit allen Naturgesetzen geschaffen habe und nun ihrer gesetzlichen Bewegung überlasse,Schöpfer,1.0,0.24363701045513153
"Unter ''Kommunikation'' wird dann ein soziales Handeln verstanden, das durch ''Kommunikationsziele'' und ''Kommunikationszwecke'' bestimmt ist.","nicht nur etwas zu zeigen, sondern auch zu zeigen, dass man etwas zeigt",0.0,0.13230684399604797
"über Mitgliederbeiträge, Spenden, Zuschüsse, Preise oder Gebühren","zu 53 % über Entschädigungen für Dienstleistungen, zu 35 % über Staatsbeiträge und nur zu 12 % über Spendeneinnahmen",1.0,0.3206522464752197
neun Jahren,1986–1995,1.0,0.17027373611927032
direkt an einem Verbrennungsmotor bei Temperaturen bis zu 600 °C,Hochtemperaturanwendungen,1.0,0.16655875742435455
Ordre de la Libération,"„Fluctuat nec mergitur“ (etwa: „Sie verändert sich, geht aber nicht unter“ oder „Sie schwankt, aber sie geht nicht unter“)",0.0,-0.008373845368623734
in Stuttgart mit der internationalen Juniorenmeisterschaft ''„Bestgebauter Athlet“'',in der Juniorenklasse Österreichischer Staatsmeister,0.0,0.4116024374961853
Mr. Olympia,der Titel des ''Mr. Olympia'',2.0,0.833673357963562
Sergio Oliva,Oliva,1.0,0.7292686700820923
Detroit Tigers,Die Detroit Tigers,2.0,0.9901731014251709
"Wichtig ist, dass jeder gegnerische, passempfangsberechtigte Spieler gedeckt ist","beinhaltet alle Spieler, die die gegnerischen Spieler decken, die einen Pass fangen dürfen",1.0,0.7365999817848206
"Zusammenschluss des City and Guilds College, der Royal School of Mines sowie des Royal College of Science.",1907,0.0,0.04246686398983002
"Im engeren Sinn bezeichnet man als Haushund die Hunde, die überwiegend im Haus gehalten werden, und kennzeichnet damit also eine Haltungsform. Historisch wurde ein Hund, der zur Bewachung des Hauses gehalten wird, als Haushund bezeichnet. Eine weitere Verwendung des Begriffs ist die Einschränkung auf sozialisierte (Haus-)Hunde, also Hunde, die an das Zusammenleben mit Menschen in der menschlichen Gesellschaft gewöhnt und an dieses angepasst sind.",ein Haustier und wird als Heim- und Nutztier,0.0,0.5373055338859558
"Während der heftigen Kämpfe, bei denen die Chinesen die weit aufgefächerte Front der Japaner am Fluss Xinqiang erfolgreich von Norden und Süden attackierten, setzten die Japaner auch Giftgas ein.",Schlacht um Changsha,0.0,0.16015185415744781
Humphrey Gilbert,Gilbert,1.0,0.781801164150238
am Markt und der Angemessenheit,üblicherweise nach der angemessenen Lizenzvergütung,0.0,0.4415932297706604
34 %,"9,2 Mtoe",0.0,0.05913704261183739
"Fehlender Nachschub, Krankheiten sowie ständige Angriffe der russischen Kosaken setzten den französischen Truppen schwer zu.","litten unter Hunger, Krankheiten, Schnee und Kälte",0.0,0.40242841839790344
eher seltenes,"In der Periode von 1999 bis 2002 hagelte es im Emmental, im Laufental und im Toggenburg am im Jahresdurchschnitt bis zu 60 Minuten, in den anderen Regionen waren es unter 30 Minuten",0.0,0.19733111560344696
521 Millimetern,545 Millimeter im Jahr (beide Werte Normperiode 1981–2010),0.0,0.5587950944900513
Purismus,"Suprematismus, Konstruktivismus",0.0,0.3524901568889618
in vielen Bereichen des täglichen Lebens,"Bauindustrie, Ernährungs- und Getränkeindustrie, Kraftfahrzeugindustrie, Elektro(nik)industrie, Haushalt und Gastronomie, Medizin, Forschung und Wissenschaft, Chemie, Pharmazie, Kosmetik, Möbelindustrie und Innenausbau, Kunststoff- und Textilindustrie",1.0,0.2616345286369324
"Allerdings befinden sich Schulen und besonders Hochschulen in außerordentlich schlechtem Zustand. Hinzu kommt, bedingt durch ausbleibende Gehaltszahlungen, die geringe Motivation der Lehrkräfte und die enorme Zahl an Streiks, weswegen der Unterricht zuweilen vollständig unterbleibt.","Betrug der Bildungsetat 1985 noch 12,2 Prozent des Bruttoinlandsprodukts, so sanken die Ausgaben 2003 auf 4,6 Prozent",0.0,0.27537858486175537
zwei Stunden,drei Stunden,0.0,0.5973454117774963
46. Tag vor dem Ostersonntag,Mittwoch nach dem 7. Sonntag vor Ostern,2.0,0.16963206231594086
als finster und barbarisch wahrgenommenen,"Wortführer der humanistischen Bewegung grenzten sich von der Vergangenheit der vorhergehenden Jahrhunderte, die man „Mittelalter“ (mittleres Zeitalter) zu nennen begann, scharf und verächtlich ab",0.0,0.2076987773180008
antike Kultur,Cicero sowie Quintilian,0.0,0.16911940276622772
"USA weitere in Japan, Korea, Europa sowie auf Guam und Samoa",weltweit,1.0,0.18991480767726898
Niederschläge fallen ganzjährig mit einem Schwerpunkt in den Frühjahrsmonaten.,Hohe Regenmengen sind insbesondere in den Sommermonaten zu erwarten,0.0,0.5906475782394409
1667,19. Februar 1674,0.0,0.36779800057411194
Niederländischen Westindien-Kompanie (WIC),die WIC von der Republik der Sieben Vereinigten Provinzen,2.0,0.386025071144104
Central League,„Central League“,2.0,0.9531716704368591
Judengemeinden,Aschkenasim,1.0,0.1783389002084732
2013,6. November 2013,1.0,0.5278835892677307
Gouverneure,Der Präsident,0.0,0.49219053983688354
Tantalglühfäden,Glühfäden aus Osmium,0.0,0.4756717383861542
Spanier Juan Ponce de León,Ponce de León,2.0,0.8032183647155762
Expedition durch den Südosten der heutigen USA,Expedition,1.0,0.46660029888153076
die drei Diaspora-Gruppen,"viele Gene von einer ursprünglichen jüdischen Bevölkerungsgruppe geerbt haben, die vor rund 3000 Jahren in dem als Levante bezeichneten östlichen Mittelmeerraum lebte",0.0,0.36391621828079224
entsprechende Vereinbarung zwischen Ausbildungsbetrieb und Auszubildendem sowie die Zustimmung der zuständigen Kammer,berechtigtem Interesse,0.0,0.253337562084198
Adoleszenz,Pubertät,1.0,0.5831305980682373
Tigran Petrosjan,Armenier,1.0,0.2661527395248413
Khoren Gevor,Europameister,0.0,0.2632584273815155
Oranien-Nassau,Niederlande,0.0,0.31829917430877686
Wilhelm III.,Wilhelm von Oranien,1.0,0.4232476055622101
Peter Reid,Reid,1.0,0.7736067771911621
Art Zeitungsverlag,in den Comics über die Marvel-Superhelden,0.0,0.18753544986248016
Der Head Linesman und der Line Judge,Der Side und Back Judge,0.0,0.5268011689186096
Seestreitmacht der Vereinigten Staaten,Prieble begann eine Blockade der Häfen der Babareskenstaaten. Am 14. Juli 1804 griff er Tripolis direkt an.,0.0,-0.029231488704681396
Schutz für amerikanische Schiffe durch die britische Royal Navy nach der Unabhängigkeit der Vereinigten Staaten 1783 entfallen war,Die Piraterie der Barbareskenstaaten im Mittelmeer auch gegen amerikanische Schiffe führte zur Begründung einer Seestreitmacht der Vereinigten Staaten,0.0,0.38212838768959045
Tributzahlungen,Tribut- und Lösegeldzahlungen,1.0,0.783805251121521
18. September 1988,Bis 2010,0.0,0.18606959283351898
Den ersten dieser Freundschaftsverträge,"die Verpflichtung zur gegenseitigen Hilfeleistung unterzeichnet, um alle gewaltsamen militärischen Handlungen, die sich gegen die territoriale Integrität und Souveränität einer Vertragspartei richteten, zu verhindern.",0.0,0.20706835389137268
ab 1966 sowjetische Truppenstationierungen,Beobachterstatus,0.0,0.06204483285546303
1.021.000 Mann,"1,4 Millionen",0.0,0.23473866283893585
Offensive,Die Dislozierung der aufmarschierenden französischen Truppen war jedoch ganz auf diese Offensivbewegung ausgerichtet,1.0,0.33753687143325806
weit überlegene Infanteriebewaffnung,"Die französischen Chassepotgewehre waren deutlich effizienter und sorgten mit ihrer großen Reichweite und der hohen Schussfrequenz dafür, dass Frontalangriffe der deutschen Truppen für diese meistens mit enormen Verlusten verbunden waren",1.0,0.4373447000980377
elektrischen Stuhls,Erhängen,0.0,0.16061756014823914
Die Landwirtschaft,Landwirtschaft,2.0,0.9956434965133667
Verbesserung der Wärmeleitfähigkeit,''Thermal Vias'' verbessern den Wärmetransport senkrecht zur Leiterplatte.,2.0,0.6120402216911316
Wilhelm I.,König Wilhelm III.,0.0,0.6702436804771423
niederländischen König,Wilhelm III.,1.0,0.4687204360961914
Unabhängigkeitskrieg,Israelische Unabhängigkeitskrieg (Erster Arabisch-Israelischer-Krieg),1.0,0.5336248278617859
Während des Krieges flohen rund 850.000 Araber aus Palästina,"Zum Teil wurden diese Flüchtlinge durch israelische Streitkräfte vertrieben, zum Teil wurden sie von den arabischen Streitkräften aus strategischen Gründen evakuiert.",0.0,0.4530595541000366
großes Industriegebiet,zahlreiche Industriebetriebe und mehrere Arbeiterviertel,1.0,0.7544196248054504
Kopernikus,Nikolaus Kopernikus,1.0,0.8605639934539795
Rebekah Wade,Wade,1.0,0.6254172325134277
problemlos,"Es existiert keine gesetzliche Bestimmung, die das einschränkt",1.0,0.1773013323545456
des zweiten buddhistischen Konzils,auf die Mahasanghika („große Gemeinde“),0.0,0.30104881525039673
eine Vielzahl von Mechanismen,"Ein Weg ist die Steuerung über die Rate ihrer Transkription in hnRNA. Ein anderer Weg ist der Abbau der mRNA, bevor sie beispielsweise über siRNA translatiert wird. Kurzfristig erfolgt die Genregulation durch Bindung und Ablösung von Proteinen, sogenannten Transkriptionsfaktoren, an spezifische Bereiche der DNA, die sogenannten „regulatorischen Elemente“. Langfristig wird dies über Methylierung oder das „Verpacken“ von DNA-Abschnitten in Histon­komplexe erreicht",1.0,0.24412298202514648
sowjetischen Generalstabes,fast vollständig dem Vereinten Oberkommando,0.0,0.24231474101543427
J. Edgar Hoover Building,J. Edgar Hoover Building,2.0,1.0
"Washington, D.C.",Washington D.C.,2.0,0.9792697429656982
Abschiebungsverbot,"Das Gesetz erlaubt die automatische Ausweisung ausländischer Staatsangehöriger, die als Sicherheitsbedrohung gelten, ohne dass die Betroffenen Rechtsmittel einlegen können",0.0,0.2545090615749359
Aschraf Marwan,Der Ehemann von Nassers Tochter Mona,2.0,0.09788390249013901
"Die göttliche und die menschliche Welt der antiken Römer waren nicht fundamental getrennt – wie in einer monotheistischen Religion mit einem transzendenten Gott – stattdessen sah die römische Bevölkerung ihre Götter an als in der Umgebung real existierend, sie konnten gedacht werden als „vergöttlichtes Naturphänomen“","Die Welt der Römer war geprägt sowohl von großen Göttern wie Jupiter oder Mars, dem in Krieg und Frieden mächtigen Beschützer des Volkes und des Reiches, als auch von kleinen Göttern, die in Bäumen, Bächen oder Quellen lebten oder vielleicht besser: mit ihnen eins waren",1.0,0.665673017501831
Die beiden Staaten pflegen deshalb auch derzeit keine diplomatischen Beziehungen und befinden sich heute noch im Kriegszustand.,belastet,1.0,-0.11920519173145294
1023 kB/s,bis zu 1023 Byte je isochronem Endpunkt,1.0,0.6519525647163391
24576 kB/s,drei Übertragungen je Micro-Frame (125 µs) mit bis zu 1024 Byte ausführen,2.0,0.2006491869688034
von der USB-Audio-Class,bei externen USB-Soundkarten,0.0,0.7207406163215637
"dass sie das Geld an die Wohltätigkeitsorganisation ''Clinton Bush Haiti Fund'' gespendet habe, um den Opfern des Erdbebens von Haiti zu helfen",an Wohltätigkeitsorganisationen gespendet,1.0,0.5869981646537781
Problemstellung und Problemlösung,Kommunikationsziel und Kommunikationszweck,0.0,0.39772161841392517
Verständigung,eine in der Situation ausreichende Kompatibilität von Erfahrungen bezüglich eines Themas herzustellen,0.0,0.2183544933795929
Im Osten liegt der Atlantische Ozean und im Westen der Pazifik,Atlantischen und dem Pazifischen Ozean,1.0,0.7913540005683899
"die Spanier, Savoyer und Österreicher",Giuseppe Garibaldi,0.0,0.18655911087989807
Neapels,Neapel,2.0,0.9766929149627686
auf einer der winzigen Seal Islands (auf 60° 56′ 5″ S),"23 km nordwestlich der Hope Bay im Norden der Antarktischen Halbinsel, auf 61° 0′ 3,6″ S",0.0,0.11938982456922531
"Es stellte den Versuch dar, im Sinne des logizistischen Programmes alle wahren mathematischen Aussagen und Beweise auf eine symbolische Logik zurückzuführen.",über Logik,1.0,0.5718240141868591
orthodoxe Kirche,griechisch-orthodoxen Konfession,1.0,0.6978265047073364
"ausser der Bundesfeier nur noch drei weitere Tage, die ebenfalls in der gesamten Schweiz anerkannt sind: Neujahr, Auffahrt und der erste Weihnachtsfeiertag.",auf Bundesebene nur der 1. August,0.0,0.38583293557167053
Sechste Generation,6. Generation,2.0,0.8484529256820679
2009,am 17. Juni 2005,0.0,0.1444212794303894
die Wahl des konservativen Mahmud Ahmadineschād zum Präsidenten,"Insbesondere seine Wiederwahl im Jahr 2009, die von zahlreichen Manipulationsvorwürfen begleitet wurde",1.0,0.24154067039489746
in Oberflächenwassern und in Lebewesen,in der oberen Erdatmosphäre,0.0,0.2511065900325775
Guinea,bei Bafoulabé,0.0,0.13490453362464905
Indus-Kultur,die vedische Kultur,0.0,0.38498520851135254
mindestens 5000 Jahre zurück,Seit etwa 1500 v. Chr.,0.0,0.39220961928367615
,,,1.0
,,,1.0
An der RWTH Aachen im Institut für Elektrische Maschinen,An der RWTH Aachen,1.0,0.7308868169784546
wird die Signalübertragung stark gedämpft.,die Signalübertragung stark gedämpft,2.0,0.9741164445877075
Der international renommierte französische Herzchirurg Théodore Tuffier,Théodore Tuffier,2.0,0.7422692179679871
Casa Museo Estudio de Diego Rivera y Frida Kahlo,„Casa Museo Estudio de Diego Rivera y Frida Kahlo“,2.0,0.9545701742172241
kolonialen Stil,Im typischen kolonialen Stil,2.0,0.8574184775352478
10 %,10 % der Landesfläche,1.0,0.834841251373291
Einwanderer oder deren Nachkommen aus den afrikanischen und karibischen Kolonien Frankreichs,Die meisten von ihnen sind Einwanderer oder deren Nachkommen aus den afrikanischen und karibischen Kolonien Frankreichs,2.0,0.8021640777587891
STBern Leichtathletik,Der STBern,1.0,0.7199344038963318
1974,seit 1974,1.0,0.8641484975814819
'Anorthotiko Komma Ergazomenou Laou'',Fortschrittspartei des werktätigen Volkes ''Anorthotiko Komma Ergazomenou Laou'',2.0,0.7857683300971985
56 Mandate auf Zyperngriechen und 24 auf Zyperntürken,56 Mandate auf Zyperngriechen und 24 auf Zyperntürken entfallen (diese Mandate bleiben seit 1974 vakant),1.0,0.8224774599075317
Die mitteleuropäische Sommerzeit beginnt am letzten Sonntag im März um 2:00 Uhr MEZ,am letzten Sonntag im März um 2:00 Uhr MEZ,1.0,0.6795982122421265
britische,durch die britische Kultur,1.0,0.7450311183929443
"Ein durchschnittlicher Erwachsener trinkt in der Woche etwa einen Liter Whisky,",etwa einen Liter Whisky,1.0,0.7597375512123108
in Deutschland,im Wesentlichen in Deutschland,1.0,0.7710608243942261
in Afrika,vor allem in Afrika,1.0,0.6918776631355286
Eine Halbierung der Betriebsspannung,Eine Halbierung der Betriebsspannung (zum Beispiel durch Reihenschaltung zweier gleichartiger Glühlampen),1.0,0.6408983469009399
die über 12.000 gelben Taxis („Yellow Cabs“),gelben Taxis,1.0,0.6660830974578857
bis etwa 1 MHz,im Bereich niedriger Frequenzen bis etwa 1 MHz,1.0,0.8952653408050537
Equilibrium Line Altitude,''Equilibrium Line Altitude'' (ELA),2.0,0.7293741106987
Höhengrenze,eine Höhengrenze der Glaziologie,1.0,0.5549415349960327
im sogenannten Zehrgebiet (Ablationsgebiet) des Gletschers ist der Massenverlust durch Ablation größer als der Zuwachs an Gletschereis,ist der Massenverlust durch Ablation größer als der Zuwachs an Gletschereis,1.0,0.7766851186752319
Deportationsgesetz von 1915,das Deportationsgesetz,1.0,0.6316561102867126
"Wie im Lateinischen und den meisten slawischen Sprachen gibt es in der Schriftsprache weder bestimmte noch unbestimmte Artikel. In der Umgangssprache können die Demonstrativpronomen ''ten'', ''ta'', ''to'' (wörtlich ''dieser'', ''diese'', ''dieses'') jedoch in Artikelfunktion verwendet werden,","in der Schriftsprache weder bestimmte noch unbestimmte Artikel. In der Umgangssprache können die Demonstrativpronomen ''ten'', ''ta'', ''to'' (wörtlich ''dieser'', ''diese'', ''dieses'') jedoch in Artikelfunktion verwendet werden, z. B.: ''(Ten) pán se podíval na (toho) psa'' (Der Herr schaute auf den Hund)",1.0,0.7308105230331421
"Der Auftrag der ''Army'', wie sie im offiziellen Sprachgebrauch genannt wird, ist die Wahrung US-amerikanischer Interessen im Ausland, aber auch die militärische Verteidigung der Vereinigten Staaten gegenüber anderen Staaten. Dazu unterhält sie Stützpunkte auf der gesamten Welt.","die Wahrung US-amerikanischer Interessen im Ausland, aber auch die militärische Verteidigung der Vereinigten Staaten gegenüber anderen Staaten",1.0,0.779140830039978
an Jiangsu und Shanghai,Jiangsu und Shanghai,2.0,0.933493435382843
1929 Metern,1929,1.0,0.8748649954795837
Auf molekularer Ebene besteht Eis aus übereinanderliegenden Molekülschichten mit relativ schwachen Bindungskräften zwischen den einzelnen Schichten.,Auf molekularer Ebene besteht Eis aus übereinanderliegenden Molekülschichten,1.0,0.8645047545433044
am Golf von Mexiko in der Golfküstenebene,an der Südküste der Vereinigten Staaten und im Osten des Bundesstaates Texas direkt am Golf von Mexiko in der Golfküstenebene,1.0,0.7269274592399597
Harris County,im Harris County,2.0,0.9486306309700012
Der Bayou selbst geht im östlichen Stadtgebiet in den bereits erwähnten Kanal über und mündet dann im Golf.,im Golf,1.0,0.29612112045288086
seit August 2009,August 2009,1.0,0.8929417133331299
"Atari MiNT unterstützt standardmäßig kein USB, es sind jedoch für MiNT verschiedene Treiber in Entwicklung, die Add-on-Karten (wie EtherNAT, eine Kombination aus USB- und Ethernet Erweiterung für den Atari Falcon) unterstützen",Atari MiNT unterstützt standardmäßig kein USB,1.0,0.8011780381202698
"Windows 10 unterstützt USB 1.0, 1.1, 2.0, 3.0, 3.1","USB 1.0, 1.1, 2.0, 3.0, 3.1",1.0,0.6044225096702576
"MS-DOS und kompatible unterstützen USB standardmäßig nicht. USB-Tastaturen und USB-Massenspeicher sind über die Legacy-Emulation vieler moderner PC-BIOS-Versionen dennoch verwendbar, aber meist nicht Hotplug-fähig. Auch USB-Mäuse funktionieren meist mit für PS/2-Mäuse vorgesehenen Treibern, wenn der Legacy-Mode aktiviert ist. Für FreeDOS gibt es den „motto hairu“-Treiber, der USB 2.0 zur Verfügung stellt. Andere Hersteller bieten Spezialtreiber an, die aber viel konventionellen Speicher belegen und deshalb mit vielen DOS-Programmen nicht kompatibel sind."," MS-DOS und kompatible unterstützen USB standardmäßig nicht. USB-Tastaturen und USB-Massenspeicher sind über die Legacy-Emulation vieler moderner PC-BIOS-Versionen dennoch verwendbar, aber meist nicht Hotplug-fähig. Auch USB-Mäuse funktionieren meist mit für PS/2-Mäuse vorgesehenen Treibern, wenn der Legacy-Mode aktiviert ist",1.0,0.9463958144187927
eine weitere Verkleinerung auf 18 Klubs,eine weitere Verkleinerung auf 18 Klubs zu Beginn der Saison 2007/08,1.0,0.8427025675773621
FA Premier League,„FA Premier League“,2.0,0.9381877779960632
Umgangssprache eine Sondersprache,Umgangssprache,1.0,0.6254135370254517
Ausländische Gäste machen etwa 59 Prozent der Übernachtungen,etwa 59 Prozent,1.0,0.6306513547897339
Deutschland,aus Deutschland,2.0,0.7752025127410889
in der feucht-subtropischen Klimazone (Cfa),in der feucht-subtropischen Klimazone,2.0,0.7931153774261475
1. Januar 2008,Am 1. Januar 2008,2.0,0.9885455369949341
Die Türkei lehnt eine Ausweitung der mit der EU geschlossenen Zollunion auf das EU-Mitglied Republik Zypern ab und öffnet ihre Häfen und Flughäfen nicht für das Anlaufen von griechisch-zypriotischen Schiffen und Flugzeugen.,öffnet ihre Häfen und Flughäfen nicht für das Anlaufen von griechisch-zypriotischen Schiffen und Flugzeugen,1.0,0.7918127775192261
Juni 2012,2012,1.0,0.7888690829277039
etwa 10 Milliarden Euro (also 11.300 Euro pro Einwohner),etwa 10 Milliarden Euro,1.0,0.7952948212623596
"Die Ehe wurde heilig gehalten, es herrschte ursprünglich Monogamie.",Die Ehe wurde heilig gehalten,1.0,0.7910283803939819
Nordindien,In Nordindien,2.0,0.8274842500686646
Brahmanismus,den Brahmanismus,2.0,0.9568037986755371
Die Anzahl der Einwohner wird in unterschiedlichen Quellen nicht einheitlich angegeben.,"Die Anzahl der Einwohner wird in unterschiedlichen Quellen nicht einheitlich angegeben.
Für das Jahr 2017 wird die Einwohnerzahl bei den Vereinten Nationen mit 5,1 Millionen, im CIA World Factbook mit 5,9 Millionen
und bei Statista mit 6,7 Millionen angegeben",1.0,0.45277276635169983
"von 6,8 Mio. im Jahr 2015 auf ca. 14 Mio. im Jahr 2050",auf ca. 14 Mio.,1.0,0.5276696085929871
"Bei der Rangliste der Pressefreiheit 2017, welche von Reporter ohne Grenzen herausgegeben wird, belegte Griechenland Platz 88 von 180 Ländern",Platz 88 von 180 Ländern. Bei der Situation der Pressefreiheit im Land gibt es laut der Nichtregierungsorganisation „erkennbare Probleme“.,1.0,0.5905623435974121
"nach der bisherigen deutschen Aufzugsverordnung eine Aufzugsanlage, die ausschließlich zum Transport von Gütern ohne die Begleitung von Personen gedacht ist","eine Aufzugsanlage, die ausschließlich zum Transport von Gütern ohne die Begleitung von Personen gedacht ist",1.0,0.8636845350265503
"für den Transport von Mobiliar bei Umzügen, vorzugsweise aus höheren Etagen","für den Transport von Mobiliar bei Umzügen,",1.0,0.8301420211791992
14. Dezember 1861,am 14. Dezember 1861 gegen 22:50 Uhr,1.0,0.8423577547073364
Typhuserkrankung,eine Typhuserkrankung,2.0,0.91645348072052
16. März 1861,am 16. März 1861,2.0,0.9877641797065735
zu der irischen Schauspielerin Nellie Clifden,Nellie Clifden,2.0,0.7095044255256653
Witwentracht,ausschließlich Witwentracht,1.0,0.7887404561042786
doppelte Zeilen- sowie Spaltenanzahl,Die doppelte Zeilen- sowie Spaltenanzahl erleichtert das Hochskalieren von HDTV,1.0,0.5731262564659119
"Es kann bei ungenügender Abschirmung der USB-3.0-Kabel zu Störungen im Rahmen der elektromagnetischen Verträglichkeit (EMV) kommen, welche sich unter anderem im von Wireless Local Area Network (WLAN) oder Bluetooth genutzten 2,4-GHz-Bereich auswirken. Dabei kommt es in der Nähe von USB-3.0-Geräten zu einer reduzierten Reichweite und zu vermehrten Übertragungsfehlern.",einer reduzierten Reichweite und zu vermehrten Übertragungsfehlern,1.0,0.5996201038360596
November 2008,Im November 2008,2.0,0.9808290600776672
"HP, Microsoft und Intel","unter anderem die Unternehmen HP, Microsoft und Intel",2.0,0.9441688060760498
23 Uhr,23.00 Uhr,2.0,0.9293212890625
"Indianerstämmen der Muskogee, der Seminolen, der Cherokee, der Choctaw und der Chickasaw zu (den „Fünf zivilisierten Nationen“), die aus den östlichen Staaten vertrieben wurden. Etwa 50.000 Menschen wurden nach Oklahoma getrieben, wo sie auf bereits ansässige andere Indianerstämme trafen.","Etwa 50.000 Menschen wurden nach Oklahoma getrieben, wo sie auf bereits ansässige andere Indianerstämme trafen",1.0,0.8311435580253601
Erdöl- und Erdgasfunde,die Entdeckung reicher Erdöl- und Erdgasfunde,1.0,0.8512248396873474
Cyrus Avery,der Geschäftsmann Cyrus Avery,2.0,0.8685137629508972
16. November 1907,Am 16. November 1907,2.0,0.9782913327217102
einen indianisch geprägten Bundesstaat „Sequoyah“ ins Leben zu rufen,im Osten des Landes einen indianisch geprägten Bundesstaat „Sequoyah“ ins Leben zu rufen,1.0,0.9455455541610718
Dürreperioden und Sandstürmen,wurde Oklahoma wiederholt von Dürreperioden und Sandstürmen heimgesucht,1.0,0.6204752922058105
"Victoria, South Australia, Tasmania und Western Australia","für die Bundesstaaten Victoria, South Australia, Tasmania und Western Australia",2.0,0.9526376128196716
"Local Government Areas (LGA, lokale Verwaltungsgebiete),","Sie besteht aus der City of Melbourne und 30 weiteren Local Government Areas (LGA, lokale Verwaltungsgebiete)",1.0,0.5944193005561829
sechs Toten,sechs,1.0,0.8240565657615662
"aus mehreren Wasserbassins, einem gepflasterten Steinfeld und verschiedenen Baumgruppen","Die Gedenkstätte wird aus mehreren Wasserbassins, einem gepflasterten Steinfeld und verschiedenen Baumgruppen bestehen, die das weitergehende Leben nach der Zerstörung des WTCs symbolisieren sollen. Unterirdisch wird ein Museum eingerichtet werden, das an die Opfer und die Zerstörung erinnern soll",1.0,0.4881671369075775
Romantik,Jenaer Romantik,1.0,0.7626089453697205
Eisenach,in Eisenach,2.0,0.7572512626647949
Sachsen-Meiningen und Reuß älterer Linie waren mit Österreich verbündet,"Im Preußisch-Österreichischen Krieg von 1866 standen die meisten Thüringer Staaten auf Seiten Preußens, lediglich Sachsen-Meiningen und Reuß älterer Linie waren mit Österreich verbündet",1.0,0.6960671544075012
Johann Wolfgang von Goethe oder Friedrich Schiller,Dichter wie Johann Wolfgang von Goethe oder Friedrich Schiller,2.0,0.8521910905838013
relativ kurz und intensiv,zeitlich relativ kurz und intensiv,1.0,0.9211628437042236
kommen bei Emotionen die jeweiligen Auslöser stärker zum Zuge,"Während Stimmungen vielfach unbemerkt auf Bedürfnissen beruhen, kommen bei Emotionen die jeweiligen Auslöser stärker zum Zuge",1.0,0.8445694446563721
meist nach außen gerichtet,Im Gegensatz zum Gefühl sind Emotionen als ein Affekt – vom agierenden Individuum aus gesehen – meist nach außen gerichtet,1.0,0.5281275510787964
"n freier, nicht an Proteine gebundener Form","In freier, nicht an Proteine gebundener Form",2.0,0.9351532459259033
"Eine Verpflichtung zu bestimmten Impfungen (Tollwut) gibt es in den meisten Bundesländern nicht, sie ist jedoch nötig, wenn innerhalb der EU Ländergrenzen passiert werden",Eine Verpflichtung zu bestimmten Impfungen (Tollwut) gibt es in den meisten Bundesländern nicht,1.0,0.7836402058601379
in einer zugelassenen Rettungshundestaffel,nur in einer zugelassenen Rettungshundestaffel,1.0,0.8047215342521667
Die Radioprogramme sind durch Rundfunkgebühren finanziert. Radiowerbung ist der SRG SSR nicht gestattet.,durch Rundfunkgebühren,1.0,0.5758650302886963
1983,Seit 1983,1.0,0.8752439618110657
"eine grosse Gruppe von nichtkommerziellen Regionalsendern, die komplementäre Programme abseits des Einheitsbreis produzieren. Sie haben sich in der Gruppe Union nicht-kommerzorientierter Lokalradios (UNIKOM) zusammengeschlossen","eine grosse Gruppe von nichtkommerziellen Regionalsendern, die komplementäre Programme abseits des Einheitsbreis produzieren",1.0,0.8541847467422485
"über UKW, sondern auch über DAB+","nicht nur über UKW, sondern auch über DAB+",2.0,0.920585036277771
"Dieses definiert sie selbst als ein Wachstum des harmonisierten Verbraucherpreisindexes HVPI im Euro-Raum, das unter, aber nahe bei zwei Prozent pro Jahr liegen sollte. Das heißt, dass die Inflation unter 2 % gehalten werden soll.","ein Wachstum des harmonisierten Verbraucherpreisindexes HVPI im Euro-Raum, das unter, aber nahe bei zwei Prozent pro Jahr liegen sollte",1.0,0.874381422996521
auf die Diskothek La Belle im Jahr 1986,Für den Bombenanschlag auf die Diskothek La Belle im Jahr 1986,1.0,0.8849027752876282
"Verbrechen gegen die Menschlichkeit sind breit angelegte oder systematische Übergriffe auf die Zivilbevölkerung. Im Völkerrecht stellen sie einen Oberbegriff dar, unter den sowohl „Kriegsverbrechen“, „Verbrechen gegen den Frieden“, als auch „Völkermord“ fallen.",breit angelegte oder systematische Übergriffe auf die Zivilbevölkerung,1.0,0.4795944392681122
Theorie der multiplen Intelligenzen,der Theorie der multiplen Intelligenzen von Howard Gardner,1.0,0.7511354088783264
"einen schwarzen, nach heraldisch rechts aufwärts schreitenden Bären auf silbernem Hintergrund","Das erste Wappen Berns soll gemäss Justingerchronik einen schwarzen, nach heraldisch rechts aufwärts schreitenden Bären auf silbernem Hintergrund gezeigt haben",1.0,0.7804279327392578
vis viva,vis viva („lebendige Kraft“),2.0,0.444759726524353
Kraft mal Weg,Kraft mal Weg“,2.0,0.9764734506607056
Erster Hauptsatz,Erster Hauptsatz der Thermodynamik,1.0,0.48438385128974915
dass Wärme eigenständig von einem kälteren auf einen wärmeren Körper übergeht.,"Nach dem zweiten Hauptsatz ist es unmöglich, dass Wärme eigenständig von einem kälteren auf einen wärmeren Körper übergeht",1.0,0.7881081104278564
in 50 New Gower Street in der Innenstadt,50 New Gower Street,2.0,0.8718572854995728
1972,seit 1972,1.0,0.8506636023521423
dürfen nur in bestimmten rituellen Zusammenhängen erzählt werden,Zudem sind zahlreiche Geschichten im Besitz von Abstammungslinien und dürfen nur in bestimmten rituellen Zusammenhängen erzählt werden. Der überwiegende Teil von ihnen ist weder öffentlich zugänglich noch übersetzt,1.0,0.7013847231864929
"in den Tropen, genauer gesagt in den Kalttropen",in den Tropen,1.0,0.6656648516654968
verarmte Kleinadelige,Viele verarmte Kleinadelige,1.0,0.9076318144798279
Galizien,ins österreichisch regierte Galizien,1.0,0.6120213270187378
2003,Seit 2003,1.0,0.8758372664451599
von 1933 bis 1935,1933 bis 1935,2.0,0.9533762335777283
"Jean Louise, genannt „Scout“","aufgeweckten kleinen Mädchens Jean Louise, genannt „Scout“",2.0,0.8689766526222229
Anwalt,Abgeordneten und Anwalt,1.0,0.6237971186637878
ihr Nachbar Boo Radley,Boo Radley,2.0,0.8127617835998535
Vom Geist der Gesetze,Vom Geist der Gesetze ''(De l’esprit des lois)'',2.0,0.9248803853988647
"Halifax, Montreal, Ottawa und Toronto und andere Ziele"," Halifax, Montreal, Ottawa und Toronto",1.0,0.9040026068687439
"veredelte, geschmückte und verzierte, oft aufwendig bearbeitete Papiererzeugnisse die von etwa 1820/1860 bis 1920/1930 hergestellt wurden, als es eine eigene Luxuspapierindustrie gab","Dies ist die Bezeichnung für veredelte, geschmückte und verzierte, oft aufwendig bearbeitete Papiererzeugnisse die von etwa 1820/1860 bis 1920/1930 hergestellt wurden",2.0,0.8871520161628723
"46,37","46,37 Prozent",1.0,0.9573044776916504
"46,37"," 46,37 Prozent ",1.0,0.9573044776916504
16 Verwaltungsbezirken „Delegaciones“,16 Verwaltungsbezirken,2.0,0.8327722549438477
"Für Amateure finden jährlich die von der NCAS veranstalteten, multidisziplinären Wettbewerbe im Rahmen der ''State Games of North Carolina'' statt. Außerdem finden verschiedene allgemeine Fitness- und Radwettbewerbe, wie beispielsweise die ''Cycle North Carolina'', statt.","die von der NCAS veranstalteten, multidisziplinären Wettbewerbe im Rahmen der ''State Games of North Carolina'' ",1.0,0.8571117520332336
"So wurde die Fortführung des Vorrechts orthodoxer Christen an den heiligen Stätten des Christentums und die Ausbesserung der Kuppel über dem Christusgrab verlangt, ohne Mitwirkung der Katholiken. Der Sultan war zunächst bereit, einen Teil dieser Forderungen zu erfüllen. Doch Menschikow hatte noch eine zweite, sehr weitreichende Forderung überbracht: Das Osmanische Reich solle durch einen Vertrag Russlands Schirmherrschaft über die orthodoxen Christen im Osmanischen Reich anerkennen, die ein Drittel seiner Bevölkerung darstellten.",die Fortführung des Vorrechts orthodoxer Christen an den heiligen Stätten des Christentums und die Ausbesserung der Kuppel über dem Christusgrab,1.0,0.4558556079864502
am 21. Mai 1853,21. Mai 1853,2.0,0.9846891760826111
FIFA- und AFC,FIFA- und AFC-Mitglied,1.0,0.8482126593589783
am 11. Juni 2015,11. Juni 2015,2.0,0.9830681085586548
"Ihr zufolge sind die kleinsten gesellschaftlichen Gebilde (Gruppen, Gemeinden) autonom","Ihr zufolge sind die kleinsten gesellschaftlichen Gebilde (Gruppen, Gemeinden) autonom. Sie gehen aus eigenem Antrieb Zweckbündnisse ein, geben jedoch nur diejenigen Aufgaben an ihre Vereinigungen ab, die sie selbst nicht wahrnehmen können",1.0,0.7523725628852844
für das Lernen und die Erinnerungen zuständig,für das Lernen und die Erinnerungen,2.0,0.8923743367195129
bei Männern tendenziell asymmetrischer organisiert,"bei Männern tendenziell asymmetrischer organisiert, d. h. die Lateralisation des Gehirns ist ausgeprägter als bei Frauen, die wiederum größere Frontallappen haben",1.0,0.7313660383224487
"Zum einen kommt alternatives Spleißen von mRNA in Frage. Zum Beispiel das Spleißen von Kanalproteinen, sodass deren Durchlässigkeit für Ionen verändert ist. Zum anderen sind epigenetische Kontrollmechanismen relevant. Hierzu zählen unter anderem die genomische Prägung und die Histonmodifikation. Zudem wird immer wieder die Frage gestellt, inwiefern die Umwelt Einfluss auf den Dimorphismus hat.
Ein anderer Erklärungsansatz ist folgender: Geschlechtshormone, wie Testosteron und die Östrogene, wirken nicht nur auf die Keimdrüsen, sondern in vielfältiger Weise auf das gesamte Nervensystem: auf Nervenzellen, Synapsen, Genexpression. Dies gilt für die Zeit der Embryonalentwicklung und während der Kindheit, der Pubertät und im Erwachsenenalter. So bewirken die Geschlechtshormone eine typische männliche beziehungsweise weibliche Entwicklung des Nervensystems.","Zum einen kommt alternatives Spleißen von mRNA in Frage. Zum Beispiel das Spleißen von Kanalproteinen, sodass deren Durchlässigkeit für Ionen verändert ist. Zum anderen sind epigenetische Kontrollmechanismen relevant. Hierzu zählen unter anderem die genomische Prägung und die Histonmodifikation. ",1.0,0.7900684475898743
Colonel James Moore,"der britische Kolonialgouverneur von South Carolina, Colonel James Moore,",2.0,0.7332155108451843
im Westen von Westafrika und Oberguinea,im Westen von Westafrika und Oberguinea zwischen 13° und 17° westlicher Länge und 11° und 12° nördlicher Breite,1.0,0.507622480392456
Privatuniversität,eine Privatuniversität,2.0,0.950634777545929
4.000.000,4.000.000 Soldaten,1.0,0.8434814810752869
1.200.000,1.200.000 Soldaten,1.0,0.868441641330719
"Das Rettungsfachpersonal des Rettungsdienstes konzentriert sich zunächst auf eine möglichst rasche Erkennung von Akutgefährdung und Komplikationen. Dazu gehört eine zügige klinische Untersuchung mit Blutdruckmessung und Auskultation (Abhören) von Herz und Lunge. Nur ein schnell angefertigtes Zwölf-Kanal-EKG lässt den ST-Hebungsinfarkt erkennen und erlaubt die Einleitung der dann dringlichen Lysetherapie oder Katheterbehandlung. Um Herzrhythmusstörungen sofort erkennen zu können, wird eine kontinuierliche EKG-Überwachung (Rhythmusmonitoring) begonnen und zur Medikamentengabe eine periphere Verweilkanüle angelegt.",konzentriert sich zunächst auf eine möglichst rasche Erkennung von Akutgefährdung und Komplikationen,1.0,0.6342845559120178
"eine möglichst optimale Sauerstoffversorgung des Herzens, die Schmerzbekämpfung und eine Vermeidung weiterer Blutgerinnselbildung","zielt in der Akutsituation auf eine möglichst optimale Sauerstoffversorgung des Herzens, die Schmerzbekämpfung und eine Vermeidung weiterer Blutgerinnselbildung",1.0,0.9578360319137573
im 7. Jahrhundert,spätestens mit der Einführung der tibetischen Schrift im 7. Jahrhundert,1.0,0.628538191318512
"konnten sich moderne wissenschaftliche, politische und literarische Genres etablieren.","die seit über 800 Jahren statisch festgeschriebene Tradition aufgebrochen und konnten sich moderne wissenschaftliche, politische und literarische Genres etablieren",1.0,0.5607796907424927
"Während unter dem Stichwort „tibetische Literatur“ meist der große Schatz religiöser Texte verstanden wird, treten Drama, Lyrik, erzählende Literatur sowie die reiche mündliche Überlieferung oft in den Hintergrund.",meist der große Schatz religiöser Texte,1.0,0.6136990189552307
"gegen pflanzliche Pollen, Tierhaare, Lebensmittelbestandteile und Medikamente","besonders häufig gegen pflanzliche Pollen, Tierhaare, Lebensmittelbestandteile und Medikamente",2.0,0.9216082692146301
"Insbesondere bei Tests, die häufig wiederholt werden, ist deren Automatisierung angeraten. Dies ist vor allem bei Regressionstests und bei testgetriebener Entwicklung der Fall. Darüber hinaus kommt Testautomatisierung bei manuell nicht oder nur schwer durchführbaren Tests zum Einsatz (z. B. Lasttests).","Insbesondere bei Tests, die häufig wiederholt werden",1.0,0.6977448463439941
vorwiegend von der flächenbezogenen Masse,von der flächenbezogenen Masse,1.0,0.7517380118370056
"wie leicht ein Papier, das bereits eingerissen ist, weiterreißt","gibt an, wie leicht ein Papier, das bereits eingerissen ist, weiterreißt",2.0,0.9595575332641602
"Dazu wird das Normblatt in den Prüfapparat eingespannt und eine Membran mit genormter Fläche drückt mit ansteigender Kraft gegen das Papier. Der Druck, der zum Durchstoßen des Papiers erforderlich ist, wird Berstwiderstand genannt.",Dazu wird das Normblatt in den Prüfapparat eingespannt und eine Membran mit genormter Fläche drückt mit ansteigender Kraft gegen das Papier,1.0,0.9063680768013
81,gut 81 Prozent,1.0,0.782239556312561
"Berndeutsch, ein hochalemannischer Dialekt",Berndeutsch,2.0,0.7296289205551147
durch eine Doppelmembran,durch eine Doppelmembran aus und enthalten eine eigene zirkuläre DNA,1.0,0.6798898577690125
"an einem künstlichen Hafenbecken an der Südspitze Kaliforniens, etwa zweieinhalb Autostunden südlich von Los Angeles und etwa eine halbe Stunde nördlich von Tijuana, Mexiko.",an einem künstlichen Hafenbecken an der Südspitze Kaliforniens,1.0,0.5741673707962036
zwei,in zwei Teile,1.0,0.4776970446109772
der Cowles Mountain () im Mission Trails Regional Park,der Cowles Mountain,2.0,0.746881365776062
der San Diego River,Diego River,1.0,0.8339451551437378
"Darwin legte in diesem Werk zahlreiche Belege für seine Theorie vor, dass sich Tier- und Pflanzenarten durch natürliche Selektion im Laufe langer Zeiträume verändern und dass alle heute existierenden Lebewesen von gemeinsamen Vorfahren abstammen. ",dass sich Tier- und Pflanzenarten durch natürliche Selektion im Laufe langer Zeiträume verändern und dass alle heute existierenden Lebewesen von gemeinsamen Vorfahren abstammen,1.0,0.7688989639282227
auf seiner Weltreise mit der HMS Beagle (1831–1836),auf seiner Weltreise,1.0,0.509264349937439
"Letztere bestanden im Verbrennen von Rindern und Schafen auf Bergen und in Hainen, wo sich auch Götterbilder befanden. Menschenopfer kamen nur vereinzelt vor.",Rindern und Schafen,1.0,0.4706788659095764
"Großbritannien schloss darum am 30. September mit Zarin Elisabeth von Russland den Vertrag von Sankt Petersburg, in dem sich Russland verpflichtete, vier Jahre lang 50.000 Mann entlang der Grenzen zu Ostpreußen zu positionieren. Dafür sollte das Zarenreich eine jährliche Zahlung von 100.000 Pfund Sterling erhalten, sowie weitere 400.000 Pfund, falls das russische Kontingent aufgestockt würde. Militärisch eingreifen durften die russischen Truppen laut Vertrag aber erst nach dem Ausbruch von Kampfhandlungen auf deutschem Boden. Mit diesem Schachzug sollte Preußen von einem Angriff auf Hannover abgehalten werden.","in dem sich Russland verpflichtete, vier Jahre lang 50.000 Mann entlang der Grenzen zu Ostpreußen zu positionieren. Dafür sollte das Zarenreich eine jährliche Zahlung von 100.000 Pfund Sterling erhalten, sowie weitere 400.000 Pfund, falls das russische Kontingent aufgestockt würde",1.0,0.6257156729698181
Norddeutschland vor fremden Truppen zu schützen,"vereinbarten beide Mächte, Norddeutschland vor fremden Truppen zu schützen",1.0,0.8242731094360352
am 17. Mai,am 17. Mai 1756,1.0,0.6891987919807434
"USB erlaubt es einem Gerät, Daten mit 1,5 Mbit/s (Low Speed), 12 Mbit/s (Full Speed), 480 Mbit/s (Hi-Speed), 4 Gbit/s (SuperSpeed) oder 9,7 Gbit/s (Superspeed+) zu übertragen.","mit 1,5 Mbit/s (Low Speed), 12 Mbit/s (Full Speed), 480 Mbit/s (Hi-Speed), 4 Gbit/s (SuperSpeed) oder 9,7 Gbit/s (Superspeed+) ",1.0,0.7786706686019897
"Das System der Bonyāds bestand bereits unter dem Schah und erfüllte schon damals karitative Aufgaben, wie sie auch schwarze Kassen für die herrschende Elite darstellten. Auch heute werden den Bonyāds Vorwürfe wegen mangelnder Transparenz, Korruption und Vetternwirtschaft gemacht.","wegen mangelnder Transparenz, Korruption und Vetternwirtschaft ",1.0,0.5143759250640869
"Die Bonyāds agieren in Form von Holdings und sind in großen Teilen der Wirtschaft marktbeherrschend, so z. B. im Bereich des Exports, beim Baumaterial (Beton), Reedereien und Petrochemie, außerdem betreiben sie Hotels, Universitäten und Banken."," z. B. im Bereich des Exports, beim Baumaterial (Beton), Reedereien und Petrochemie, außerdem betreiben sie Hotels, Universitäten und Banken",1.0,0.8045004606246948
"''Vier Edlen Wahrheiten'', aus der vierten der Wahrheiten folgt als Weg aus dem Leiden der ''Achtfache Pfad''",von ihm benannten ''Vier Edlen Wahrheiten'',1.0,0.6456484794616699
ökotoxische,eine ökotoxische Wirkung,1.0,0.6615733504295349
vorzugsweise bei Sendern hoher Leistung,bei Sendern hoher Leistung,2.0,0.8984925150871277
"Ein Kurzschluss ist eine Verbindung zwischen zwei Punkten, die entsprechend der Schaltung nicht bestehen darf","eine Verbindung zwischen zwei Punkten, die entsprechend der Schaltung nicht bestehen darf",1.0,0.8970738053321838
"Kurzschlüsse sind Verbindungen, die z. B. durch Zinnfäden, schlechtes Ätzen oder mechanische Beschädigung der Isolationsschicht zwischen den Lagen hervorgerufen werden","z. B. durch Zinnfäden, schlechtes Ätzen oder mechanische Beschädigung der Isolationsschicht zwischen den Lagen",1.0,0.8653589487075806
sieben Millionen,rund sieben Millionen,1.0,0.9332187175750732
n New Haven (Connecticut),New Haven,2.0,0.8625063300132751
"nach einem ihrer ersten Förderer, dem Kaufmann Elihu Yale",Elihu Yale,1.0,0.6722527146339417
1900,seit 1900,1.0,0.8539140820503235
"über 12,5 Millionen","über 12,5 Millionen Bücher ",1.0,0.9050025939941406
"Die 12-cm-Version wird häufig als ''CD-Video'' bezeichnet, hat aber nichts mit dem DVD-Vorläufer Video-CD zu tun. Es können 6 min Bild und Ton und weitere 20 min nur Ton aufgezeichnet werden. Ein zusätzlicher Nur-Ton-Anteil kann von jedem CD-Spieler wiedergegeben werden. Die reguläre Videospur ist jedoch völlig inkompatibel zu CD- oder DVD-Formaten und kann von entsprechenden Laufwerken nicht gelesen werden.",Ein zusätzlicher Nur-Ton-Anteil kann von jedem CD-Spieler wiedergegeben werden. Die reguläre Videospur ist jedoch völlig inkompatibel zu CD- oder DVD-Formaten und kann von entsprechenden Laufwerken nicht gelesen werden.,1.0,0.8520745635032654
" ein Wissen aus reiner Vernunft (a priori) gegenüber der Empirie von höherer Gewissheit sei. Dieses apriorische Wissen sei auch Voraussetzung der empirischen Welterfahrung, d. h. zugrunde liegendes Wissen bzw. epistemische Rechtfertigung aus reiner Vernunft für jede Art von Empirie"," behaupten, dass ein Wissen aus reiner Vernunft (a priori) gegenüber der Empirie von höherer Gewissheit sei.",1.0,0.7067234516143799
dass Wissen vor allem durch direkte Intuition und Deduktion gebildet wird,durch direkte Intuition und Deduktion,1.0,0.8473694324493408
zur Energieeinsparung am Morgen,zur Energieeinsparung,1.0,0.7705816030502319
"örtliche Sonnenzeit, die durch den Stundenwinkel der Sonne definiert ist","die örtliche Sonnenzeit, die durch den Stundenwinkel der Sonne definiert ist. Damit ist es am Mittag (Zeitpunkt des höchsten Sonnenstandes) 12:00 Uhr und um Mitternacht 0:00 Uhr",1.0,0.697771430015564
"Jeder Zeitzone wurde eine Zonenzeit zugeordnet, die (nach damaliger Definition) gleich der mittleren Sonnenzeit des Mittelmeridians der Zone mit den geographischen Längen 0°, 15°, 30°, … östlich und westlich von Greenwich war. ","gleich der mittleren Sonnenzeit des Mittelmeridians der Zone mit den geographischen Längen 0°, 15°, 30°, … östlich und westlich von Greenwich war",1.0,0.8181491494178772
eine Stunde,Die Zonenzeiten zweier benachbarter Zonen unterscheiden sich um genau eine Stunde,1.0,0.32247862219810486
Wölfen,den Wölfen,2.0,0.9446775317192078
"Hunde, die schnell laufen konnten","Hunde, die schnell laufen konnten, während kleine Hunde (Dackel oder ''Dachshund'', Terrier) leicht in Fuchs- oder Dachsbaue eindringen konnten.",1.0,0.7457156777381897
n Fuchs- oder Dachsbaue eindringen,"während kleine Hunde (Dackel oder ''Dachshund'', Terrier) leicht in Fuchs- oder Dachsbaue eindringen konnten",1.0,0.552676260471344
"Seitdem wurden immer neue, extrem abweichende Schätzungen auf unterschiedlichster methodologischer Grundlage erstellt. Sie reichen von kaum mehr als 8 Millionen bis zu über 110 Millionen. Jüngere Schätzungen gehen von einem sehr groben Näherungswert von 50 Millionen Einwohnern aus, von denen etwa die Hälfte in Mesoamerika, ein Viertel im Inkareich lebte.",Sie reichen von kaum mehr als 8 Millionen bis zu über 110 Millionen. Jüngere Schätzungen gehen von einem sehr groben Näherungswert von 50 Millionen Einwohnern aus,1.0,0.7057307958602905
ca. 500,ca. 500 Soldaten,1.0,0.7865546345710754
von etwa 1640 bis 1701,1640 bis 1701,2.0,0.9685822129249573
Transkriptionsfaktoren,die wichtige Transkriptionsfaktoren sind,1.0,0.7568995952606201
an Albumin gebunden,überwiegend an Albumin gebunden,2.0,0.8088114857673645
RNA-Polymerase und der Carboanhydrase,beispielsweise der RNA-Polymerase und der Carboanhydrase,2.0,0.9330965280532837
"ink erfüllt im Körper viele verschiedene Funktionen. So nimmt es Schlüsselrollen im Zucker-, Fett- und Eiweißstoffwechsel ein und ist beteiligt am Aufbau der Erbsubstanz und beim Zellwachstum. Sowohl das Immunsystem als auch viele Hormone benötigen Zink für ihre Funktion.","Schlüsselrollen im Zucker-, Fett- und Eiweißstoffwechsel ein und ist beteiligt am Aufbau der Erbsubstanz und beim Zellwachstum",1.0,0.7978278398513794
"diejenigen, ''die ihren Lebensunterhalt aus produktiver und gesellschaftlich nützlicher Arbeit'' bestritten. Wer Lohnarbeiter beschäftigte oder von Renten und Wertpapieren lebte, war ausgeschlossen; Kaufleute und Priester entmündigte man per definitionem","diejenigen, ''die ihren Lebensunterhalt aus produktiver und gesellschaftlich nützlicher Arbeit'' bestritten",1.0,0.6148998737335205
Dabei entwickelt der Vergiftete grippeähnliche Symptome mit zum Teil starken Fieberanfällen,grippeähnliche Symptome mit zum Teil starken Fieberanfällen,1.0,0.9165244102478027
"Eine Zufuhr von mehr als 100 mg pro Tag ist nicht empfehlenswert, ab 200 mg können Symptome wie Übelkeit, Erbrechen oder auch Durchfall auftreten.","ab 200 mg können Symptome wie Übelkeit, Erbrechen oder auch Durchfall auftreten",1.0,0.8533061742782593
Kehldeckel,Ein Kehldeckel,2.0,0.8705582618713379
"Ein Kehldeckel (''Epiglottis'') verschließt beim Schlucken den Kehlkopf, um das Eindringen von Nahrung in die Luftröhre zu verhindern.","verschließt beim Schlucken den Kehlkopf, um das Eindringen von Nahrung in die Luftröhre zu verhindern",1.0,0.8801552653312683
"Ein weiteres Exklusivmerkmal der Säugetiere ist das Säugen der Jungtiere mit Milch, Näheres siehe im Abschnitt Fortpflanzung.
* Säugetiere besitzen als einzige Tiergruppe ein Zwerchfell, einen flächigen Muskel, der Brust- und Bauchhöhle voneinander trennt.",das Säugen der Jungtiere mit Milch,1.0,0.5745713114738464
"in deren Nieren sich Henle’sche Schleifen (''Ansae nephricae'') befinden, wodurch sie zur Rückresorption von Wasser aus dem Primärharn fähig sind."," Neben den Vögeln sind die Säugetiere die einzige Tiergruppe, in deren Nieren sich Henle’sche Schleifen (''Ansae nephricae'') befinden, wodurch sie zur Rückresorption von Wasser aus dem Primärharn fähig sind",1.0,0.8506115674972534
die Kantone,In der Schweiz sind die Kantone Träger der Universitäten und Hochschulen,1.0,0.540261447429657
Die verschiedenen Arten von Lehrenden werden unter dem Oberbegriff Dozenten (oder Dozierende) zusammengefasst,Dozenten (oder Dozierende),1.0,0.48286503553390503
Der Verlust von Fell in der menschlichen Evolution ermöglichte dem Menschen in seinen damaligen warmen Lebensräumen die Körpertemperatur besser zu regulieren (Schwitzen). Dies erhöhte seine Ausdauer zur Nahrungsbeschaffung bei der Hetzjagd.,die Körpertemperatur besser zu regulieren (Schwitzen),1.0,0.5394328236579895
Die Effektivität als Kleidung wurde durch die Erfindung des Nähens erheblich gesteigert,"Die Effektivität als Kleidung wurde durch die Erfindung des Nähens erheblich gesteigert, da Kleidung nun geschlossen und dem menschlichen Körperbau angepasst werden konnte",1.0,0.8590208292007446
"Gewand-Nadeln, später Fibeln und Schnallen, noch später durch Knöpfe","neben dem Vernähen als ständigem Verschluss nun auch bei Gebrauch durch Gewand-Nadeln, später Fibeln und Schnallen, noch später durch Knöpfe erfolgen",1.0,0.8739704489707947
36.000 bis 31.000 Jahre,z. B. bei Leinen auf einen Zeitraum von 36.000 bis 31.000 Jahre datiert.,1.0,0.8490538001060486
Energie mal Zeit',die physikalische Dimension ''Energie mal Zeit'' der Konstante,2.0,0.5181787610054016
die mittelalterliche Altstadt auf der Grande-Île und die Neustadt,"Teile der Innenstadt, die mittelalterliche Altstadt auf der Grande-Île und die Neustadt",1.0,0.9191696047782898
die Landesverteidigung oder die Außenpolitik,nur bestimmte Angelegenheiten – etwa die Landesverteidigung oder die Außenpolitik –,1.0,0.7051984667778015
"kein Zentralstaat, sondern eine Konföderation von Provinzen",Die Republik war kein Zentralstaat,1.0,0.5625466108322144
Holland,Wichtigste Provinz der Union war die Provinz Holland,1.0,0.5723280310630798
"Chopin wurde in Żelazowa Wola geboren, einem Dorf in der Gemeinde Brochów, Departement Warschau, im damaligen Herzogtum Warschau.",in Żelazowa Wola,1.0,0.4676627218723297
23. April 1810,am 23. April 1810,2.0,0.9808235764503479
