,answer1,answer2,label,sas,bert_score
202,Die beiden Staaten pflegen deshalb auch derzeit keine diplomatischen Beziehungen und befinden sich heute noch im Kriegszustand.,belastet,1.0,0.0884072557091713,0.27671748399734497
166,Adoleszenz,Pubertät,1.0,0.6723754405975342,0.3112901747226715
57,Erich Wolfgang Skwara,Raoul Schrott,0.0,0.13871143758296967,0.3325916826725006
50,Nintendo Advanced Video System,Famicom,0.0,0.17123231291770935,0.3347146809101105
152,antike Kultur,Cicero sowie Quintilian,0.0,0.16581158339977264,0.33554667234420776
101,Point after Touchdown,Field Goal,1.0,0.4012407660484314,0.33899909257888794
7,bis etwa 1 MHz,niedriger,0.0,0.21865686774253845,0.34571096301078796
2,'Anorthotiko Komma Ergazomenou Laou'',Fortschrittspartei des werktätigen Volkes,2.0,0.04175456985831261,0.3491891324520111
11,das lateinische Alphabet in Groß- und Kleinschreibung,ABCDEFGHIJKLMNOPQRSTUVWXYZ,1.0,0.054967910051345825,0.34941697120666504
158,Judengemeinden,Aschkenasim,1.0,0.26556581258773804,0.3499373197555542
118,Hayek erweiterte seine Sozialismuskritik um eine Theorie der „kulturellen Evolution“ und des menschlichen Zusammenlebens in arbeitsteiligen Gesellschaften,wesentlich beeinflusst,,0.09484737366437912,0.35087770223617554
168,Khoren Gevor,Europameister,0.0,0.04447286203503609,0.35315436124801636
102,ASPTT Strasbourg,Racing Straßburg,0.0,0.3981735110282898,0.353869765996933
220,Guinea,bei Bafoulabé,0.0,0.2086576372385025,0.35465699434280396
39,Thayendanegea,Joseph Brant,2.0,0.027941860258579254,0.3610248267650604
167,Tigran Petrosjan,Armenier,1.0,0.15048694610595703,0.3657654821872711
109,Ramon Llull,Grafen von Barcelona und des nachfolgenden katalanisch-aragonesischen Staatenbunds,0.0,0.18422120809555054,0.3712904751300812
179,ab 1966 sowjetische Truppenstationierungen,Beobachterstatus,0.0,0.14128153026103973,0.3726685643196106
43,Die Partei der Demokratischen Revolution,Movimiento Progresista,1.0,0.24295726418495178,0.374481737613678
200,Aschraf Marwan,Der Ehemann von Nassers Tochter Mona,2.0,0.17170779407024384,0.3753633499145508
8,Nährgebiet,Akkumulationsgebiet,2.0,0.265578955411911,0.3791106939315796
36,vis viva,lebendigen Kräfte,2.0,0.23740699887275696,0.3818831443786621
10,Funktion eines Prädikativums,fast nur im gehobenen Stil verwendet,0.0,0.09990379959344864,0.38327664136886597
0,rotiert,"schwingt bei vertikaler Polarisation der elektrische Feldvektor zwischen oben und unten, bei horizontaler Polarisation zwischen links und rechts",0.0,0.22324325144290924,0.38409262895584106
131,Ordre de la Libération,"„Fluctuat nec mergitur“ (etwa: „Sie verändert sich, geht aber nicht unter“ oder „Sie schwankt, aber sie geht nicht unter“)",0.0,0.06358230859041214,0.38799890875816345
16,Sheffield United,Brian Deane,0.0,0.07087356597185135,0.39010849595069885
51,"Bei Allergien, auch als Überempfindlichkeitsreaktion bezeichnet",so genannten Autoimmunerkrankungen,1.0,0.323746919631958,0.39038440585136414
96,Hiragana,onna-de,0.0,0.12398548424243927,0.3929043710231781
34,für höhere Organismen nur relativ schwach giftig,"So kann ein Mensch täglich 0,04 Gramm Kupfer zu sich nehmen, ohne Schaden an seiner Gesundheit zu erleiden",1.0,0.18026375770568848,0.39291658997535706
193,problemlos,"Es existiert keine gesetzliche Bestimmung, die das einschränkt",1.0,0.16588473320007324,0.3930407166481018
29,"Indianerstämmen der Muskogee, der Seminolen, der Cherokee, der Choctaw und der Chickasaw zu (den „Fünf zivilisierten Nationen“), die aus den östlichen Staaten vertrieben wurden. Etwa 50.000 Menschen wurden nach Oklahoma getrieben, wo sie auf bereits ansässige andere Indianerstämme trafen.",Umsiedlung,1.0,0.31895843148231506,0.3931271731853485
137,"Zusammenschluss des City and Guilds College, der Royal School of Mines sowie des Royal College of Science.",1907,0.0,0.1530774086713791,0.39464300870895386
199,Abschiebungsverbot,"Das Gesetz erlaubt die automatische Ausweisung ausländischer Staatsangehöriger, die als Sicherheitsbedrohung gelten, ohne dass die Betroffenen Rechtsmittel einlegen können",0.0,0.4522911608219147,0.3972553014755249
89,besonders flüchtig,Medium in der Zeit,0.0,0.21825867891311646,0.39939671754837036
106,Graphitrohr-AAS,Polarographie,0.0,0.1431821584701538,0.40023374557495117
55,derjenigen anderer früher indogermanischer Völker ähnlich,"In den Naturerscheinungen, besonders den Phänomenen des Himmels, sahen die Slawen wirkliche Wesen, die sie sich mit Denken und Empfinden ausgestattet vorstellten, einige wohltätig, andere zerstörend wirkend",0.0,0.20427964627742767,0.4011175334453583
165,entsprechende Vereinbarung zwischen Ausbildungsbetrieb und Auszubildendem sowie die Zustimmung der zuständigen Kammer,berechtigtem Interesse,0.0,0.13649824261665344,0.4024643898010254
60,"die Hauptgruppen sind: die Einsicht in die Lehre, ihre ethischen Grundlagen und die Schwerpunkte des geistigen Trainings (Meditation/Achtsamkeit)",dreigeteilt,1.0,0.09509734064340591,0.40460261702537537
208,Verständigung,eine in der Situation ausreichende Kompatibilität von Erfahrungen bezüglich eines Themas herzustellen,0.0,0.22539982199668884,0.4053894579410553
105,den Nobelpreis für Physiologie oder Medizin,die Gewinnung monoklonaler Antikörper,0.0,0.11385410279035568,0.40614035725593567
18,Baktrien,Afghanistan und Pakistan,0.0,0.10951995104551315,0.40697816014289856
116,im Landesinneren,Südosten,0.0,0.19403962790966034,0.4070603847503662
108,von Parlamentariern,Einflussreiche Bürger,1.0,0.25899478793144226,0.4070674777030945
172,Art Zeitungsverlag,in den Comics über die Marvel-Superhelden,0.0,0.06500601768493652,0.40821564197540283
77,durch Schlafmangel und Dehydrierung ausgelösten temporären Psychose,wegen eines Nervenzusammenbruchs,1.0,0.27504804730415344,0.4098696708679199
144,eher seltenes,"In der Periode von 1999 bis 2002 hagelte es im Emmental, im Laufental und im Toggenburg am im Jahresdurchschnitt bis zu 60 Minuten, in den anderen Regionen waren es unter 30 Minuten",0.0,0.1279200315475464,0.4101504981517792
23,-lijer,op,0.0,0.24593913555145264,0.4116208553314209
73,einer ca. 200.000 Jahre alten Fundstelle aus der Zeit des Neandertalers an einem ehemaligen Seeufer bei Frankleben in Sachsen-Anhalt,Hinweis auf das Gerben von Tierhäuten,0.0,0.06453830748796463,0.41389980912208557
47,weitergehende Regelungen,"z. B. Restriktionen zu den jagdbaren Wildarten, Jagd- und Schonzeiten für das jagdbare Wild, Verbote bestimmter Jagdwaffen und -methoden, Voraussetzungen für Ausstellung eines Jagdscheins, Meldepflichten für erlegtes Wild, Vorschriften zum Umgang mit Wildbret und zahlenmäßige oder qualitative Begrenzungen beim Erlegen von jagdbaren Wild",1.0,0.5016377568244934,0.414132297039032
169,Oranien-Nassau,Niederlande,0.0,0.5066079497337341,0.4162813127040863
41,der Verurteilte wird kurz nach dem Prozess bei einem Fluchtversuch erschossen,Am Ende des Romans begleitet Scout ihren Nachbarn Boo wieder zurück in sein Haus,0.0,0.028582675382494926,0.41705408692359924
33,Meyers Konversations-Lexikon,Brockhaus Enzyklopädie,0.0,0.5967026948928833,0.42008620500564575
115,durch wachsende Arbeitsmigration seit den 1950er-Jahren,Nicht alle Einwohner Deutschlands sind deutsche Staatsangehörige und nicht alle deutschen Staatsangehörigen sind ethnische Deutsche,0.0,0.21739254891872406,0.42085787653923035
194,des zweiten buddhistischen Konzils,auf die Mahasanghika („große Gemeinde“),0.0,0.14207294583320618,0.4224384129047394
139,"Während der heftigen Kämpfe, bei denen die Chinesen die weit aufgefächerte Front der Japaner am Fluss Xinqiang erfolgreich von Norden und Süden attackierten, setzten die Japaner auch Giftgas ein.",Schlacht um Changsha,0.0,0.35910966992378235,0.42249706387519836
204,24576 kB/s,drei Übertragungen je Micro-Frame (125 µs) mit bis zu 1024 Byte ausführen,2.0,0.2587570250034332,0.4236811697483063
183,elektrischen Stuhls,Erhängen,0.0,0.08838292956352234,0.42369747161865234
210,"die Spanier, Savoyer und Österreicher",Giuseppe Garibaldi,0.0,0.0794304758310318,0.42399466037750244
111,„Reflexionen“,Reflections on the Revolution in France,1.0,0.34913337230682373,0.4240822196006775
207,Problemstellung und Problemlösung,Kommunikationsziel und Kommunikationszweck,0.0,0.2612755298614502,0.42508238554000854
104,Der kanadische Premierminister,Brian Mulroney,1.0,0.12428151071071625,0.42646414041519165
129,neun Jahren,1986–1995,1.0,0.14310476183891296,0.42999231815338135
64,51. Bundesstaat,Democrats Abroad,0.0,0.10022647678852081,0.4309549331665039
83,muslimische Gemeinden,"Kimbanguisten, sowie neuapostolische Christen",0.0,0.1458771675825119,0.43119218945503235
70,Gewaltenteilung,die fehlende Trennung zwischen Exekutive (ausübende) und Legislative (gesetzgebende Gewalt),2.0,0.4971066415309906,0.4316609799861908
130,direkt an einem Verbrennungsmotor bei Temperaturen bis zu 600 °C,Hochtemperaturanwendungen,1.0,0.46855658292770386,0.433309942483902
46,Generell bilden Regelungen zum rechtlichen Status des Wildes und zum Inhaber des subjektiven Jagdrechts,Frankfurter Reichsverfassung vom 28. März 1849,0.0,0.06489165872335434,0.4360501170158386
182,weit überlegene Infanteriebewaffnung,"Die französischen Chassepotgewehre waren deutlich effizienter und sorgten mit ihrer großen Reichweite und der hohen Schussfrequenz dafür, dass Frontalangriffe der deutschen Truppen für diese meistens mit enormen Verlusten verbunden waren",1.0,0.4323122799396515,0.4361543655395508
22,durch die jahrelange öffentliche Abwesenheit,"Für viele Untertanen wurde die „Witwe von Windsor“ („Widow of Windsor“) zu einer etwas wunderlichen Einsiedlerin im Witwenkleid, einer entrückten Gestalt, ehrfurchtgebietend und über ein weltumspannendes Imperium herrschend",0.0,0.33101728558540344,0.43837833404541016
147,in vielen Bereichen des täglichen Lebens,"Bauindustrie, Ernährungs- und Getränkeindustrie, Kraftfahrzeugindustrie, Elektro(nik)industrie, Haushalt und Gastronomie, Medizin, Forschung und Wissenschaft, Chemie, Pharmazie, Kosmetik, Möbelindustrie und Innenausbau, Kunststoff- und Textilindustrie",1.0,0.19771532714366913,0.43952539563179016
218,die Wahl des konservativen Mahmud Ahmadineschād zum Präsidenten,"Insbesondere seine Wiederwahl im Jahr 2009, die von zahlreichen Manipulationsvorwürfen begleitet wurde",1.0,0.2049897313117981,0.44034406542778015
53,das Fehlen des vokalisierten «L»,die Übernahme einiger Wörter aus dem früheren Unterschichtsquartier Matte,0.0,0.14214427769184113,0.4408275783061981
174,Seestreitmacht der Vereinigten Staaten,Prieble begann eine Blockade der Häfen der Babareskenstaaten. Am 14. Juli 1804 griff er Tripolis direkt an.,0.0,0.15630993247032166,0.4415508508682251
90,Goring House,Buckinghams Haus,2.0,0.2916310429573059,0.44288209080696106
178,Den ersten dieser Freundschaftsverträge,"die Verpflichtung zur gegenseitigen Hilfeleistung unterzeichnet, um alle gewaltsamen militärischen Handlungen, die sich gegen die territoriale Integrität und Souveränität einer Vertragspartei richteten, zu verhindern.",0.0,0.28011104464530945,0.4446257948875427
141,am Markt und der Angemessenheit,üblicherweise nach der angemessenen Lizenzvergütung,0.0,0.4023838937282562,0.4446456730365753
86,da diese immer nur einen Einzelfall repräsentierten,"Klassischerweise schränken viele Empiristen die intuitiv-deduktive Form des Wissens auf die Verhältnisse zwischen den Begriffen ein, die bestenfalls die Operationen des eigenen Verstandes repräsentieren",0.0,0.24536903202533722,0.44505852460861206
196,sowjetischen Generalstabes,fast vollständig dem Vereinten Oberkommando,0.0,0.2618523836135864,0.4499673843383789
123,"An einem praktischen Beispiel erklärt bedeutet dies, dass ein Geheimdienst nicht erst mit einem Kommando Kontakt aufnehmen muss, welches dann über mehrere Soldaten in der Hierarchie eine Ausschaltung eines Ziels anordnet, sondern dass alle Aufklärungseinheiten alle verfügbaren Informationen in eine von mehreren Stellen abrufbare Datenbank eingeben, worauf Einheiten eigenständig reagieren können. Faktisch bedeutet dies eine Annäherung an die Auftragstaktik",die totale Vernetzung aller am Kampf beteiligten Elemente,0.0,0.35016998648643494,0.4531235694885254
87,durch das Metrum,die Schwingung selbst und jede denkbare praktische Involvierung,0.0,0.19314880669116974,0.4550250470638275
12,"An der Gletschersohle sowie den Flanken eines Gletschers kann das Eis oft am anstehenden Gestein festfrieren, wodurch hier keine Bewegung möglich ist.",Auf molekularer Ebene besteht Eis aus übereinanderliegenden Molekülschichten mit relativ schwachen Bindungskräften zwischen den einzelnen Schichten,0.0,0.3708415627479553,0.4565753936767578
3,aus dem englischen,"von  ‚Geißel‘, ‚Seuche‘ und lat.  ‚töten‘",0.0,0.1279093623161316,0.4565880000591278
103,"Jung-, Spät- und Endneolithikum",Beginn der Metallverarbeitung im Schmelzverfahren,0.0,0.11367396265268326,0.4584195017814636
127,"Unter ''Kommunikation'' wird dann ein soziales Handeln verstanden, das durch ''Kommunikationsziele'' und ''Kommunikationszwecke'' bestimmt ist.","nicht nur etwas zu zeigen, sondern auch zu zeigen, dass man etwas zeigt",0.0,0.2649572193622589,0.4586472809314728
153,"USA weitere in Japan, Korea, Europa sowie auf Guam und Samoa",weltweit,1.0,0.17545585334300995,0.4591720402240753
37,Behandlung der elastischen Deformation,Lösung der Bewegungsgleichungen vor allem in der Himmelsmechanik,0.0,0.1003224328160286,0.4596480131149292
151,als finster und barbarisch wahrgenommenen,"Wortführer der humanistischen Bewegung grenzten sich von der Vergangenheit der vorhergehenden Jahrhunderte, die man „Mittelalter“ (mittleres Zeitalter) zu nennen begann, scharf und verächtlich ab",0.0,0.21298937499523163,0.46044331789016724
125,Die aktuelle tatsächliche Netzfrequenz ist unter anderem von der aktuellen Nachfrage und dem aktuellen Angebot an elektrischer Energie abhängig und daher schwankend.,"99,5 % eines Jahres und 15,67 Hertz bis 17,33 Hertz während der restlichen 0,5 % eines Jahres",0.0,0.19417056441307068,0.46077245473861694
126,dass Gott die Welt mit allen Naturgesetzen geschaffen habe und nun ihrer gesetzlichen Bewegung überlasse,Schöpfer,1.0,0.44233933091163635,0.4622690975666046
4,Ramadan-Monat,sind üblicherweise an den Rändern der Koranexemplare markiert,0.0,0.12379718571901321,0.46260640025138855
31,Nationalstaatsidee,einem vereinten deutschen Staat,1.0,0.3523668646812439,0.4628446698188782
195,eine Vielzahl von Mechanismen,"Ein Weg ist die Steuerung über die Rate ihrer Transkription in hnRNA. Ein anderer Weg ist der Abbau der mRNA, bevor sie beispielsweise über siRNA translatiert wird. Kurzfristig erfolgt die Genregulation durch Bindung und Ablösung von Proteinen, sogenannten Transkriptionsfaktoren, an spezifische Bereiche der DNA, die sogenannten „regulatorischen Elemente“. Langfristig wird dies über Methylierung oder das „Verpacken“ von DNA-Abschnitten in Histon­komplexe erreicht",1.0,0.3478465676307678,0.4657531976699829
164,die drei Diaspora-Gruppen,"viele Gene von einer ursprünglichen jüdischen Bevölkerungsgruppe geerbt haben, die vor rund 3000 Jahren in dem als Levante bezeichneten östlichen Mittelmeerraum lebte",0.0,0.21265466511249542,0.466217964887619
181,Offensive,Die Dislozierung der aufmarschierenden französischen Truppen war jedoch ganz auf diese Offensivbewegung ausgerichtet,1.0,0.43002793192863464,0.4676533341407776
56,bog,"Svarog (der ''Schöpfer''), als Urheber des Donners heißt er Perun (balt. ''Perkunas'')",0.0,0.17100542783737183,0.46926477551460266
5,"denn es ist eine beliebte Praxis, verteilt auf die dreißig Ramadan-Nächte, eine Chatma, also eine Komplettlesung des Korans, vorzunehmen",Sie finden vor allem in der Liturgie Verwendung und dienen als Maßeinheiten zur Festlegung von Gebetspensen,0.0,0.04587511345744133,0.47107094526290894
30,Großer Schneesturm,wegen eines Unwetters,1.0,0.32703858613967896,0.47274842858314514
203,1023 kB/s,bis zu 1023 Byte je isochronem Endpunkt,1.0,0.7345653176307678,0.4781966209411621
62,vorzugsweise bei Sendern hoher Leistung,bei großen hochfrequenten Strömen und Spannungen im Kilovolt-Bereich,0.0,0.4057726562023163,0.4813556671142578
63,bei großen hochfrequenten Strömen und Spannungen im Kilovolt-Bereich,vorzugsweise bei Sendern hoher Leistung,0.0,0.3906343877315521,0.4813556671142578
110,"Weitere beliebte Insekten der Terrarianer sind Stabheuschrecken, Fangschrecken und verschiedene Käfer- und Schabenarten, außerdem werden Mehlkäferlarven (Mehlwürmer), Grillen und andere Insekten als Futtertiere für Reptilien und andere Heimtiere sowie als Angelköder gezüchtet. Eine Entwicklung der letzten Jahrzehnte ist die Haltung von Schmetterlingen in großen Gewächshäusern, die als Schmetterlingshäuser für Besucher geöffnet werden und an manchen Orten zu den Sehenswürdigkeiten der Region werden.","die Ameisen,",0.0,0.3337615430355072,0.4820556044578552
142,34 %,"9,2 Mtoe",0.0,0.10238229483366013,0.48406466841697693
148,"Allerdings befinden sich Schulen und besonders Hochschulen in außerordentlich schlechtem Zustand. Hinzu kommt, bedingt durch ausbleibende Gehaltszahlungen, die geringe Motivation der Lehrkräfte und die enorme Zahl an Streiks, weswegen der Unterricht zuweilen vollständig unterbleibt.","Betrug der Bildungsetat 1985 noch 12,2 Prozent des Bruttoinlandsprodukts, so sanken die Ausgaben 2003 auf 4,6 Prozent",0.0,0.2879171371459961,0.48479798436164856
74,Die Effektivität als Kleidung wurde durch die Erfindung des Nähens erheblich gesteigert,da Kleidung nun geschlossen und dem menschlichen Körperbau angepasst werden konnte,0.0,0.5047837495803833,0.4865071475505829
59,die zahlreichen Brunnen in der Stadt rund um den See,dieser künstliche See mit Namen Gadisar,0.0,0.28081825375556946,0.49635350704193115
42,"veredelte, geschmückte und verzierte, oft aufwendig bearbeitete Papiererzeugnisse die von etwa 1820/1860 bis 1920/1930 hergestellt wurden, als es eine eigene Luxuspapierindustrie gab","Andachts- und Fleißbildchen, viele Ansichts- (Leporello), Gelegenheits- (Glückwunsch-, Weihnachts- und Neujahrskarten) und Bildpostkarten (Motivkarten), verzierte Briefbogen, Etiketten, allerlei Papierspielzeug (Papiertheater), Reklamemarken und Sammelbilder und vieles mehr",0.0,0.5294197201728821,0.49694809317588806
44,"Die Sprachwahl war, neben den stilisierbaren Protagonisten des „Wettrennens ins All“, den „Helden“, einer der Gründe für die Popularität der Raumfahrt in den 60ern. Durch diese Sprachwahl konnte ein breiteres Publikum angesprochen werden, ein hochpolitisches Thema wurde für breite Massen dadurch „lesbar“, beziehungsweise damit aufbereitet.",Politik und Medien glorifizierten in den 1960ern das Ringen um kosmische Überlegenheit und allgemeine Begeisterung für den Schauplatz und seine Akteure,2.0,0.6162370443344116,0.49785518646240234
187,niederländischen König,Wilhelm III.,1.0,0.3084327280521393,0.4982965886592865
27,„Last Order“,eine Glocke,0.0,0.06798303872346878,0.4986930787563324
6,an den Rändern der Koranexemplare markiert,Die Grenzen zwischen den einzelnen Dschuzʾ- und Hizb-Abschnitten befinden sich meistens mitten in einer Sure.,0.0,0.43677690625190735,0.500136137008667
49,die NATO,syrischen Geheimdienst,0.0,0.08953892439603806,0.5016201734542847
40,die junge weiße Frau Mayella vergewaltigt zu haben,Vergewaltigung,1.0,0.5312483906745911,0.5016919374465942
9,Zehrgebiet,Ablationsgebiet,2.0,0.24634890258312225,0.5017355680465698
15,die alten traditionellen Methoden des Regenwassersammelns zu dokumentieren und Pilotprojekte aufzubauen,Die Menschen werden jetzt wieder verstärkt in die Wasserversorgung einbezogen,0.0,0.3345751166343689,0.5022075176239014
176,Tributzahlungen,Tribut- und Lösegeldzahlungen,1.0,0.633692741394043,0.5046901106834412
161,Tantalglühfäden,Glühfäden aus Osmium,0.0,0.46838152408599854,0.5156015157699585
61,"da im Gegensatz zu anderen Materialien bei Blei keine Wirkschwelle benannt werden kann, unter der die Aufnahme von Blei gesundheitlich unbedenklich ist.",aus Gründen des Umweltschutzes (siehe Bleibelastung der Umwelt) und gesundheitlichen Gründen (siehe Bleivergiftung),1.0,0.5695198178291321,0.5158802270889282
98,durch ihre geschickte Heiratspolitik,der vier seiner Töchter an Kaiser verheiratete,1.0,0.40854257345199585,0.5161025524139404
114,Jonas Bronck,"Nachfolgende niederländische und englische Siedler bezeichneten den von ihm in der Gegend erworbenen Grund bald als „Bronck’s Land“ und um einen dortigen Besuch anzukündigen, sagte man damals: „We are going to ''the Bronck’s''“",0.0,0.43729645013809204,0.5168647766113281
146,Purismus,"Suprematismus, Konstruktivismus",0.0,0.14551851153373718,0.5174354910850525
120,"einen der Dialekte, die unter dem Oberbegriff Pahari zusammengefasst werden",Hindi,0.0,0.28010496497154236,0.5197427868843079
58,"Friedrich II. die österreichische Provinz Schlesien erobert und versuchte, sie mittels eines Bündnissystems gegen eine mögliche Rückeroberung zu behaupten.
* Österreich unter Mar",den preußischen König Friedrich II. (1712–1786) außenpolitisch zu isolieren,0.0,0.4140476882457733,0.5198708772659302
189,Während des Krieges flohen rund 850.000 Araber aus Palästina,"Zum Teil wurden diese Flüchtlinge durch israelische Streitkräfte vertrieben, zum Teil wurden sie von den arabischen Streitkräften aus strategischen Gründen evakuiert.",0.0,0.576486349105835,0.5221061706542969
160,Gouverneure,Der Präsident,0.0,0.1366083025932312,0.5221114158630371
71,Eine anhaltende erhöhte Zinkzufuhr kann zu Kupfermangel und Störungen in der Blutbildung führen.,"ab 200 mg können Symptome wie Übelkeit, Erbrechen oder auch Durchfall auftreten. Beim Menschen führt die Aufnahme von Zink ab etwa 2 g zu akuten Vergiftungserscheinungen",1.0,0.43135109543800354,0.5229090452194214
177,18. September 1988,Bis 2010,0.0,0.059348974376916885,0.5234339237213135
21,Das Betreten – außer zum Be- und Entladen – sowie die Mitfahrt sind verboten.,"Ein Güteraufzug ist nach der bisherigen deutschen Aufzugsverordnung eine Aufzugsanlage, die ausschließlich zum Transport von Gütern ohne die Begleitung von Personen gedacht ist.",1.0,0.36710283160209656,0.524857223033905
121,Während der Zeit des Nationalsozialismus verfolgte der NS-Staat die Bevölkerungsminderheit mit rassistischer Zielsetzung und führte ab 1933 eine fortlaufend verschärfte Gesetzgebung ein: die Nürnberger Gesetze und ähnliche Bestimmungen.,"Verfolgung und Beraubung – zum Teil mittels Arisierung, Ghettoisierung und Inhaftierungen, Deportation – und als Grundlage für die systematischen und über Jahre fortgeführten Massenmorde während der Schoah / des Holocausts",1.0,0.40169215202331543,0.5258433818817139
93,16. Dezember 2015,1982,0.0,0.047075193375349045,0.5281572341918945
222,mindestens 5000 Jahre zurück,Seit etwa 1500 v. Chr.,0.0,0.26134583353996277,0.5292714834213257
95,die klassische Periode der japanischen Literatur,"Am Hof von Heian wurden die japanische Kultur, Kunst und Sitten zu außerordentlicher Verfeinerung geführt",0.0,0.33352822065353394,0.5308896899223328
122,Reichsbürgergesetz – Erste Verordnung vom 14. November 1935,die Nürnberger Gesetze,1.0,0.24409835040569305,0.5318484902381897
107,Allen Welsh Dulles,"Dulles, der zwischen 1953 und 1961 als Direktor der CIA fungierte, war neben George Tenet am längsten an der Spitze der amerikanischen Auslandsspionage",1.0,0.518009603023529,0.5321319699287415
213,"Es stellte den Versuch dar, im Sinne des logizistischen Programmes alle wahren mathematischen Aussagen und Beweise auf eine symbolische Logik zurückzuführen.",über Logik,1.0,0.40703341364860535,0.5331788063049316
78,etwas über einer Million Einwohnern,659.433 Einwohnern (2009),0.0,0.32256731390953064,0.5365516543388367
138,"Im engeren Sinn bezeichnet man als Haushund die Hunde, die überwiegend im Haus gehalten werden, und kennzeichnet damit also eine Haltungsform. Historisch wurde ein Hund, der zur Bewachung des Hauses gehalten wird, als Haushund bezeichnet. Eine weitere Verwendung des Begriffs ist die Einschränkung auf sozialisierte (Haus-)Hunde, also Hunde, die an das Zusammenleben mit Menschen in der menschlichen Gesellschaft gewöhnt und an dieses angepasst sind.",ein Haustier und wird als Heim- und Nutztier,0.0,0.6414632797241211,0.5376783013343811
219,in Oberflächenwassern und in Lebewesen,in der oberen Erdatmosphäre,0.0,0.19020110368728638,0.5394378304481506
185,Verbesserung der Wärmeleitfähigkeit,''Thermal Vias'' verbessern den Wärmetransport senkrecht zur Leiterplatte.,2.0,0.6080220341682434,0.5417444109916687
19,Die Anzahl der Einwohner wird in unterschiedlichen Quellen nicht einheitlich angegeben.,"Für das Jahr 2017 wird die Einwohnerzahl bei den Vereinten Nationen mit 5,1 Millionen, im CIA World Factbook mit 5,9 Millionen
und bei Statista mit 6,7 Millionen angegeben",1.0,0.40277430415153503,0.5428010821342468
119,Hindi,Pahari,0.0,0.1887841820716858,0.5441883206367493
88,als elementare Voraussetzung der Musik,Musik ist von den Künsten der Zeit am nächsten,0.0,0.4186878204345703,0.5451595187187195
190,großes Industriegebiet,zahlreiche Industriebetriebe und mehrere Arbeiterviertel,1.0,0.5951547026634216,0.5483464598655701
13,am Golf von Mexiko in der Golfküstenebene,Südküste,0.0,0.30248406529426575,0.5489984750747681
72,Außenrufe und Innenkommandos,Eingabe eines Fahrtwunsches über die Außentableaus (Ruf) oder vom Kabinentableau (Kommando),2.0,0.66000896692276,0.5509670376777649
128,"über Mitgliederbeiträge, Spenden, Zuschüsse, Preise oder Gebühren","zu 53 % über Entschädigungen für Dienstleistungen, zu 35 % über Staatsbeiträge und nur zu 12 % über Spendeneinnahmen",1.0,0.3005591034889221,0.5529553890228271
84,"Im Gegensatz zu den meisten anderen Religionen und zum Synkretismus führte der wachsende Ausschließlichkeitsanspruch des Christentums zur Verweigerung gegenüber dem Kaiserkult und damit der römischen Autorität,","Dies führte zu Maßnahmen gegen die beiden Religionen, die mit dem Polytheismus unvereinbar zu sein schienen",0.0,0.33502137660980225,0.553818941116333
38,das Funktionsprinzip der Dampfmaschine,"Der Physiker Nicolas Carnot erkannte, dass beim Verrichten von mechanischer Arbeit eine Volumenänderung des Dampfs nötig ist. Außerdem fand er heraus, dass die Abkühlung des heißen Wassers in der Dampfmaschine nicht nur durch Wärmeleitung erfolgt",1.0,0.41305187344551086,0.5571054220199585
154,Niederschläge fallen ganzjährig mit einem Schwerpunkt in den Frühjahrsmonaten.,Hohe Regenmengen sind insbesondere in den Sommermonaten zu erwarten,0.0,0.513446569442749,0.5628836750984192
143,"Fehlender Nachschub, Krankheiten sowie ständige Angriffe der russischen Kosaken setzten den französischen Truppen schwer zu.","litten unter Hunger, Krankheiten, Schnee und Kälte",0.0,0.35973677039146423,0.5639259219169617
175,Schutz für amerikanische Schiffe durch die britische Royal Navy nach der Unabhängigkeit der Vereinigten Staaten 1783 entfallen war,Die Piraterie der Barbareskenstaaten im Mittelmeer auch gegen amerikanische Schiffe führte zur Begründung einer Seestreitmacht der Vereinigten Staaten,0.0,0.3619212806224823,0.5644120573997498
65,"die dann unter der Bezeichnung „Rationalismus“ zusammengefasst werden. Diese Positionierung dient vor allem der Distanzierung des Empirismus von traditionellen, scholastisch-rationalistischen Auffassungen.
Diese Auffassungen gehen davon aus, dass Weltwissen auch aus reinem Denken möglich ist oder dieses reine Denken sogar die primäre oder ausschließliche Erkenntnisquelle ausmache.",Rationalismus,1.0,0.530964195728302,0.5717628002166748
156,Niederländischen Westindien-Kompanie (WIC),die WIC von der Republik der Sieben Vereinigten Provinzen,2.0,0.40715768933296204,0.573642909526825
24,Neben Krankheiten basiert der pejorative Wortschatz vor allem auf Geschlechtsteilen und Sexualität.,Krankheiten,1.0,0.3120727241039276,0.5782455205917358
81,"nur bis eine Gigawattstunde pro Jahr die EEG-Umlage in voller Höhe berechnet. Für den Energieanteil zwischen einer und 10 Gigawattstunden sind 10 % der EEG-Umlage zu bezahlen, zwischen 10 und 100 Gigawattstunden nur noch 1 % der EEG-Umlage.","Die Deutsche Bahn AG sah sich bei deren Umsetzung mit Mehrausgaben von jährlich 500 Millionen Euro belastet, von denen 137 Millionen Euro durch den möglichen Entfall der geminderten EEG-Umlage entstehen würden und 350 Millionen Euro durch die mögliche Einführung der EEG-Umlage für selbsterzeugten Strom",0.0,0.36257094144821167,0.5786679983139038
68,"eingeschleppte Krankheiten, Strafexpeditionen, Umsiedlungen und Zwangsarbeit",Krankheiten,1.0,0.39869892597198486,0.5797321796417236
221,Indus-Kultur,die vedische Kultur,0.0,0.1916821300983429,0.5828639268875122
82,"Männer, denen das Wahlrecht zustand, waren automatisch registriert, Frauen mussten einen besonderen Antrag stellen, um ihre politischen Rechte ausüben zu können","Für Männer bestand Wahlpflicht, für Frauen nicht",0.0,0.467729777097702,0.5856885313987732
1,in Blautönen gehaltenen Außenwände,Blaues,1.0,0.5069923996925354,0.5883035659790039
215,"ausser der Bundesfeier nur noch drei weitere Tage, die ebenfalls in der gesamten Schweiz anerkannt sind: Neujahr, Auffahrt und der erste Weihnachtsfeiertag.",auf Bundesebene nur der 1. August,0.0,0.2770925462245941,0.5891180038452148
201,"Die göttliche und die menschliche Welt der antiken Römer waren nicht fundamental getrennt – wie in einer monotheistischen Religion mit einem transzendenten Gott – stattdessen sah die römische Bevölkerung ihre Götter an als in der Umgebung real existierend, sie konnten gedacht werden als „vergöttlichtes Naturphänomen“","Die Welt der Römer war geprägt sowohl von großen Göttern wie Jupiter oder Mars, dem in Krieg und Frieden mächtigen Beschützer des Volkes und des Reiches, als auch von kleinen Göttern, die in Bäumen, Bächen oder Quellen lebten oder vielleicht besser: mit ihnen eins waren",1.0,0.609504222869873,0.5894960761070251
76,"dass sich der Vater, als er bei der Meldung der Geburt zurückrechnete, eine Woche zu viel zählte und fälschlicherweise den 22. Februar als Geburtstag seines Sohnes eintragen ließ","Die beiden Urkunden verzeichnen als Geburtsdatum den 22. Februar 1810, aber sowohl Chopin als auch seine Mutter gaben als Geburtstag den 1. März 1810 an",0.0,0.46526867151260376,0.5928146839141846
132,in Stuttgart mit der internationalen Juniorenmeisterschaft ''„Bestgebauter Athlet“'',in der Juniorenklasse Österreichischer Staatsmeister,0.0,0.2563289701938629,0.6005885004997253
66,"Unter Einhaltung dieser Bedingungen weicht sie möglichst wenig von der örtlichen Sonnenzeit ab. Die Differenz zwischen der örtlichen Sonnenzeit und der Zonenzeit eines Ortes ist östlich des Mittelmeridians negativ und westlich davon positiv, und sofern die Grenzen der Zeitzonen in etwa mit ihrer natürlichen Lage übereinstimmen – was heute oft nicht mehr zutrifft –, ist der Betrag dieser Differenz im Jahresmittel nirgends wesentlich größer als eine halbe Stunde.",Die Sommerzeit ist damit gleich der Zonenzeit der östlich benachbarten Zeitzone,1.0,0.44354763627052307,0.6032732129096985
394,eine Stunde,Die Zonenzeiten zweier benachbarter Zonen unterscheiden sich um genau eine Stunde,1.0,0.5264515280723572,0.604870617389679
145,521 Millimetern,545 Millimeter im Jahr (beide Werte Normperiode 1981–2010),0.0,0.30803462862968445,0.6059511303901672
69,Downtown Houston,Houston,1.0,0.7115951180458069,0.6089031100273132
52,"Der Berstwiderstand gibt den benötigten Druck an, um ein Papier zum Bersten zu bringen.","Druck, der zum Durchstoßen des Papiers erforderlich ist",2.0,0.8259740471839905,0.6096182465553284
48,"Zum einen können die Genprodukte der Chromosomen direkt in den Zellen wirken, in denen sie exprimiert werden. Zum anderen bedingen die Gonosomen die Entwicklung der Gonaden, die die Geschlechtshormone bilden.","Geschlechtshormone, wie Testosteron und die Östrogene, wirken nicht nur auf die Keimdrüsen, sondern in vielfältiger Weise auf das gesamte Nervensystem: auf Nervenzellen, Synapsen, Genexpression",0.0,0.5311794281005859,0.6112768650054932
112,"eine scharfe Kritik an den damals in Frankreich nach der Revolution von 1789 herrschenden Zuständen und Entwicklungen, die schließlich in der Terrorherrschaft der Jakobiner 1793/1794 mündeten.",Revolution in Frankreich,1.0,0.40582388639450073,0.6147140860557556
150,46. Tag vor dem Ostersonntag,Mittwoch nach dem 7. Sonntag vor Ostern,2.0,0.41265055537223816,0.6166877150535583
170,Wilhelm III.,Wilhelm von Oranien,1.0,0.606878936290741,0.6180091500282288
20,Im internationalen Vergleich ist die Versorgungsquote mit Verhütungsmitteln in Eritrea schlecht.,nur 7 % der verheirateten Frauen Zugang zu modernen Verhütungsmitteln,1.0,0.44215065240859985,0.6191198229789734
255,Der Bayou selbst geht im östlichen Stadtgebiet in den bereits erwähnten Kanal über und mündet dann im Golf.,im Golf,1.0,0.42560437321662903,0.6194074749946594
284,"Es kann bei ungenügender Abschirmung der USB-3.0-Kabel zu Störungen im Rahmen der elektromagnetischen Verträglichkeit (EMV) kommen, welche sich unter anderem im von Wireless Local Area Network (WLAN) oder Bluetooth genutzten 2,4-GHz-Bereich auswirken. Dabei kommt es in der Nähe von USB-3.0-Geräten zu einer reduzierten Reichweite und zu vermehrten Übertragungsfehlern.",einer reduzierten Reichweite und zu vermehrten Übertragungsfehlern,1.0,0.7078193426132202,0.6221272945404053
92,nach seinem Kurzfilm ''Amblin'',Amblin Entertainment,0.0,0.5574025511741638,0.6291543245315552
423,"Chopin wurde in Żelazowa Wola geboren, einem Dorf in der Gemeinde Brochów, Departement Warschau, im damaligen Herzogtum Warschau.",in Żelazowa Wola,1.0,0.44447287917137146,0.6315286159515381
80,Eklogen,''Eklogen'' oder ''Bucolica'',1.0,0.5800716876983643,0.6339291334152222
352,"Das Rettungsfachpersonal des Rettungsdienstes konzentriert sich zunächst auf eine möglichst rasche Erkennung von Akutgefährdung und Komplikationen. Dazu gehört eine zügige klinische Untersuchung mit Blutdruckmessung und Auskultation (Abhören) von Herz und Lunge. Nur ein schnell angefertigtes Zwölf-Kanal-EKG lässt den ST-Hebungsinfarkt erkennen und erlaubt die Einleitung der dann dringlichen Lysetherapie oder Katheterbehandlung. Um Herzrhythmusstörungen sofort erkennen zu können, wird eine kontinuierliche EKG-Überwachung (Rhythmusmonitoring) begonnen und zur Medikamentengabe eine periphere Verweilkanüle angelegt.",konzentriert sich zunächst auf eine möglichst rasche Erkennung von Akutgefährdung und Komplikationen,1.0,0.6287637948989868,0.6340970396995544
67,die Zonenzeit in der Mitteleuropäischen Zeitzone mit dem Bezugsmeridian der geographischen Länge 15° Ost,die Mitteleuropäische Zeit,2.0,0.7305824160575867,0.641183614730835
422,Holland,Wichtigste Provinz der Union war die Provinz Holland,1.0,0.5241098403930664,0.6423176527023315
99,die ''Genji'' (''Minamoto'') und die ''Heike'' (''Taira''),"als die Taira ihre Macht durch Einheirat in die kaiserliche Familie etabliert hatten, erhoben sich die Genji wieder und der ''Gempei-Krieg'' entbrannte",1.0,0.4099074602127075,0.6432213187217712
362,81,gut 81 Prozent,1.0,0.7939589023590088,0.6457812786102295
17,"USA, in Kanada und in Australien (hier nur umgangssprachlich)","in den USA vor allem zum American Football, in Kanada zum Canadian Football und in Australien zum Australian Football",1.0,0.5477564930915833,0.6464542746543884
217,2009,am 17. Juni 2005,0.0,0.0761684849858284,0.6470236778259277
304,meist nach außen gerichtet,Im Gegensatz zum Gefühl sind Emotionen als ein Affekt – vom agierenden Individuum aus gesehen – meist nach außen gerichtet,1.0,0.6550738215446472,0.647698700428009
214,orthodoxe Kirche,griechisch-orthodoxen Konfession,1.0,0.6004194021224976,0.6516318321228027
376,"Das System der Bonyāds bestand bereits unter dem Schah und erfüllte schon damals karitative Aufgaben, wie sie auch schwarze Kassen für die herrschende Elite darstellten. Auch heute werden den Bonyāds Vorwürfe wegen mangelnder Transparenz, Korruption und Vetternwirtschaft gemacht.","wegen mangelnder Transparenz, Korruption und Vetternwirtschaft ",1.0,0.6189368963241577,0.6529723405838013
212,auf einer der winzigen Seal Islands (auf 60° 56′ 5″ S),"23 km nordwestlich der Hope Bay im Norden der Antarktischen Halbinsel, auf 61° 0′ 3,6″ S",0.0,0.2980937659740448,0.6581411957740784
136,"Wichtig ist, dass jeder gegnerische, passempfangsberechtigte Spieler gedeckt ist","beinhaltet alle Spieler, die die gegnerischen Spieler decken, die einen Pass fangen dürfen",1.0,0.8408617377281189,0.6591352820396423
421,"kein Zentralstaat, sondern eine Konföderation von Provinzen",Die Republik war kein Zentralstaat,1.0,0.6268552541732788,0.6655172109603882
163,Expedition durch den Südosten der heutigen USA,Expedition,1.0,0.5468051433563232,0.6667910218238831
25,500 MB/s,5 Gbit/s,0.0,0.21785703301429749,0.6677072644233704
275,"Bei der Rangliste der Pressefreiheit 2017, welche von Reporter ohne Grenzen herausgegeben wird, belegte Griechenland Platz 88 von 180 Ländern",Platz 88 von 180 Ländern. Bei der Situation der Pressefreiheit im Land gibt es laut der Nichtregierungsorganisation „erkennbare Probleme“.,1.0,0.6547900438308716,0.6690676212310791
371,"Letztere bestanden im Verbrennen von Rindern und Schafen auf Bergen und in Hainen, wo sich auch Götterbilder befanden. Menschenopfer kamen nur vereinzelt vor.",Rindern und Schafen,1.0,0.4856669306755066,0.6719002723693848
173,Der Head Linesman und der Line Judge,Der Side und Back Judge,0.0,0.5723095536231995,0.6729016900062561
206,"dass sie das Geld an die Wohltätigkeitsorganisation ''Clinton Bush Haiti Fund'' gespendet habe, um den Opfern des Erdbebens von Haiti zu helfen",an Wohltätigkeitsorganisationen gespendet,1.0,0.5912230610847473,0.6767651438713074
117,18 Kilometer,"201,7 Kilometern",0.0,0.17626510560512543,0.6772149205207825
28,1897,23. September 1896,0.0,0.2562076449394226,0.6806877851486206
332,Vom Geist der Gesetze,Vom Geist der Gesetze ''(De l’esprit des lois)'',2.0,0.861397922039032,0.6813568472862244
188,Unabhängigkeitskrieg,Israelische Unabhängigkeitskrieg (Erster Arabisch-Israelischer-Krieg),1.0,0.646210253238678,0.6856381297111511
242,die über 12.000 gelben Taxis („Yellow Cabs“),gelben Taxis,1.0,0.6663675308227539,0.6863080859184265
308,Die Radioprogramme sind durch Rundfunkgebühren finanziert. Radiowerbung ist der SRG SSR nicht gestattet.,durch Rundfunkgebühren,1.0,0.5236250162124634,0.6876220703125
356,"Während unter dem Stichwort „tibetische Literatur“ meist der große Schatz religiöser Texte verstanden wird, treten Drama, Lyrik, erzählende Literatur sowie die reiche mündliche Überlieferung oft in den Hintergrund.",meist der große Schatz religiöser Texte,1.0,0.5325265526771545,0.6878328323364258
410,"Ein weiteres Exklusivmerkmal der Säugetiere ist das Säugen der Jungtiere mit Milch, Näheres siehe im Abschnitt Fortpflanzung.
* Säugetiere besitzen als einzige Tiergruppe ein Zwerchfell, einen flächigen Muskel, der Brust- und Bauchhöhle voneinander trennt.",das Säugen der Jungtiere mit Milch,1.0,0.6182548999786377,0.6895336508750916
314,"Verbrechen gegen die Menschlichkeit sind breit angelegte oder systematische Übergriffe auf die Zivilbevölkerung. Im Völkerrecht stellen sie einen Oberbegriff dar, unter den sowohl „Kriegsverbrechen“, „Verbrechen gegen den Frieden“, als auch „Völkermord“ fallen.",breit angelegte oder systematische Übergriffe auf die Zivilbevölkerung,1.0,0.6131601929664612,0.6904600858688354
396,"Hunde, die schnell laufen konnten","Hunde, die schnell laufen konnten, während kleine Hunde (Dackel oder ''Dachshund'', Terrier) leicht in Fuchs- oder Dachsbaue eindringen konnten.",1.0,0.5339908003807068,0.6920071244239807
347,Colonel James Moore,"der britische Kolonialgouverneur von South Carolina, Colonel James Moore,",2.0,0.6902032494544983,0.6938844323158264
326,Galizien,ins österreichisch regierte Galizien,1.0,0.4864552915096283,0.6948410868644714
414,Der Verlust von Fell in der menschlichen Evolution ermöglichte dem Menschen in seinen damaligen warmen Lebensräumen die Körpertemperatur besser zu regulieren (Schwitzen). Dies erhöhte seine Ausdauer zur Nahrungsbeschaffung bei der Hetzjagd.,die Körpertemperatur besser zu regulieren (Schwitzen),1.0,0.6002984046936035,0.6956385374069214
180,1.021.000 Mann,"1,4 Millionen",0.0,0.19870854914188385,0.6957717537879944
192,Rebekah Wade,Wade,1.0,0.674079954624176,0.6997165679931641
245,Höhengrenze,eine Höhengrenze der Glaziologie,1.0,0.6261041760444641,0.7008309364318848
370,auf seiner Weltreise mit der HMS Beagle (1831–1836),auf seiner Weltreise,1.0,0.5182098150253296,0.7015191912651062
263,Ausländische Gäste machen etwa 59 Prozent der Übernachtungen,etwa 59 Prozent,1.0,0.5915363430976868,0.7015867829322815
358,"Insbesondere bei Tests, die häufig wiederholt werden, ist deren Automatisierung angeraten. Dies ist vor allem bei Regressionstests und bei testgetriebener Entwicklung der Fall. Darüber hinaus kommt Testautomatisierung bei manuell nicht oder nur schwer durchführbaren Tests zum Einsatz (z. B. Lasttests).","Insbesondere bei Tests, die häufig wiederholt werden",1.0,0.7193760871887207,0.7064440846443176
155,1667,19. Februar 1674,0.0,0.29460057616233826,0.707489013671875
366,zwei,in zwei Teile,1.0,0.37031373381614685,0.7127771377563477
113,Milladoiro oder Fuxan os Ventos,Milladoiro,1.0,0.4788402020931244,0.7130159735679626
397,n Fuchs- oder Dachsbaue eindringen,"während kleine Hunde (Dackel oder ''Dachshund'', Terrier) leicht in Fuchs- oder Dachsbaue eindringen konnten",1.0,0.5506864190101624,0.7145341634750366
205,von der USB-Audio-Class,bei externen USB-Soundkarten,0.0,0.5472862124443054,0.7207236289978027
354,im 7. Jahrhundert,spätestens mit der Einführung der tibetischen Schrift im 7. Jahrhundert,1.0,0.5046023726463318,0.7232498526573181
209,Im Osten liegt der Atlantische Ozean und im Westen der Pazifik,Atlantischen und dem Pazifischen Ozean,1.0,0.5726452469825745,0.723726749420166
54,am 24. November 1859,1859,1.0,0.5889602303504944,0.7253018617630005
241,Eine Halbierung der Betriebsspannung,Eine Halbierung der Betriebsspannung (zum Beispiel durch Reihenschaltung zweier gleichartiger Glühlampen),1.0,0.6648250222206116,0.7281116247177124
140,Humphrey Gilbert,Gilbert,1.0,0.8312368392944336,0.729493260383606
216,Sechste Generation,6. Generation,2.0,0.9669889807701111,0.733020544052124
384,n New Haven (Connecticut),New Haven,2.0,0.7346422672271729,0.7334054112434387
237,britische,durch die britische Kultur,1.0,0.46306532621383667,0.7334159016609192
297,"aus mehreren Wasserbassins, einem gepflasterten Steinfeld und verschiedenen Baumgruppen","Die Gedenkstätte wird aus mehreren Wasserbassins, einem gepflasterten Steinfeld und verschiedenen Baumgruppen bestehen, die das weitergehende Leben nach der Zerstörung des WTCs symbolisieren sollen. Unterirdisch wird ein Museum eingerichtet werden, das an die Opfer und die Zerstörung erinnern soll",1.0,0.6496589183807373,0.7349383234977722
159,2013,6. November 2013,1.0,0.42779290676116943,0.7388521432876587
412,die Kantone,In der Schweiz sind die Kantone Träger der Universitäten und Hochschulen,1.0,0.4628657102584839,0.7395777106285095
296,sechs Toten,sechs,1.0,0.6867730021476746,0.7435733079910278
133,Mr. Olympia,der Titel des ''Mr. Olympia'',2.0,0.9021633267402649,0.7475116848945618
257,"Atari MiNT unterstützt standardmäßig kein USB, es sind jedoch für MiNT verschiedene Treiber in Entwicklung, die Add-on-Karten (wie EtherNAT, eine Kombination aus USB- und Ethernet Erweiterung für den Atari Falcon) unterstützen",Atari MiNT unterstützt standardmäßig kein USB,1.0,0.672195553779602,0.7490333914756775
367,der Cowles Mountain () im Mission Trails Regional Park,der Cowles Mountain,2.0,0.683090329170227,0.7495337128639221
273,Die Anzahl der Einwohner wird in unterschiedlichen Quellen nicht einheitlich angegeben.,"Die Anzahl der Einwohner wird in unterschiedlichen Quellen nicht einheitlich angegeben.
Für das Jahr 2017 wird die Einwohnerzahl bei den Vereinten Nationen mit 5,1 Millionen, im CIA World Factbook mit 5,9 Millionen
und bei Statista mit 6,7 Millionen angegeben",1.0,0.5317898392677307,0.7499819993972778
323,dürfen nur in bestimmten rituellen Zusammenhängen erzählt werden,Zudem sind zahlreiche Geschichten im Besitz von Abstammungslinien und dürfen nur in bestimmten rituellen Zusammenhängen erzählt werden. Der überwiegende Teil von ihnen ist weder öffentlich zugänglich noch übersetzt,1.0,0.5923090577125549,0.7506275177001953
45,Das objektive Jagdrecht,Jagdrecht,2.0,0.6625402569770813,0.7508417963981628
227,Der international renommierte französische Herzchirurg Théodore Tuffier,Théodore Tuffier,2.0,0.6268368363380432,0.7510137557983398
339,"So wurde die Fortführung des Vorrechts orthodoxer Christen an den heiligen Stätten des Christentums und die Ausbesserung der Kuppel über dem Christusgrab verlangt, ohne Mitwirkung der Katholiken. Der Sultan war zunächst bereit, einen Teil dieser Forderungen zu erfüllen. Doch Menschikow hatte noch eine zweite, sehr weitreichende Forderung überbracht: Das Osmanische Reich solle durch einen Vertrag Russlands Schirmherrschaft über die orthodoxen Christen im Osmanischen Reich anerkennen, die ein Drittel seiner Bevölkerung darstellten.",die Fortführung des Vorrechts orthodoxer Christen an den heiligen Stätten des Christentums und die Ausbesserung der Kuppel über dem Christusgrab,1.0,0.5339021682739258,0.7511656880378723
385,"nach einem ihrer ersten Förderer, dem Kaufmann Elihu Yale",Elihu Yale,1.0,0.6806576251983643,0.7524055242538452
79,acht,acht Stadtbezirke,2.0,0.606830894947052,0.7534583210945129
418,Energie mal Zeit',die physikalische Dimension ''Energie mal Zeit'' der Konstante,2.0,0.7034986615180969,0.7535260319709778
345,bei Männern tendenziell asymmetrischer organisiert,"bei Männern tendenziell asymmetrischer organisiert, d. h. die Lateralisation des Gehirns ist ausgeprägter als bei Frauen, die wiederum größere Frontallappen haben",1.0,0.63910311460495,0.7537619471549988
378,"''Vier Edlen Wahrheiten'', aus der vierten der Wahrheiten folgt als Weg aus dem Leiden der ''Achtfache Pfad''",von ihm benannten ''Vier Edlen Wahrheiten'',1.0,0.6119920015335083,0.7554968595504761
238,"Ein durchschnittlicher Erwachsener trinkt in der Woche etwa einen Liter Whisky,",etwa einen Liter Whisky,1.0,0.7443329095840454,0.755895733833313
230,10 %,10 % der Landesfläche,1.0,0.7148386240005493,0.7564647197723389
363,"Berndeutsch, ein hochalemannischer Dialekt",Berndeutsch,2.0,0.6365064382553101,0.7571338415145874
298,Romantik,Jenaer Romantik,1.0,0.6000438332557678,0.7574446797370911
348,im Westen von Westafrika und Oberguinea,im Westen von Westafrika und Oberguinea zwischen 13° und 17° westlicher Länge und 11° und 12° nördlicher Breite,1.0,0.5589320063591003,0.7589596509933472
365,"an einem künstlichen Hafenbecken an der Südspitze Kaliforniens, etwa zweieinhalb Autostunden südlich von Los Angeles und etwa eine halbe Stunde nördlich von Tijuana, Mexiko.",an einem künstlichen Hafenbecken an der Südspitze Kaliforniens,1.0,0.5835826396942139,0.7598366737365723
91,1703,etwa 1633,0.0,0.2911072075366974,0.7603589296340942
413,Die verschiedenen Arten von Lehrenden werden unter dem Oberbegriff Dozenten (oder Dozierende) zusammengefasst,Dozenten (oder Dozierende),1.0,0.773374617099762,0.7650226950645447
317,vis viva,vis viva („lebendige Kraft“),2.0,0.6833850741386414,0.7651658654212952
327,2003,Seit 2003,1.0,0.7301834225654602,0.766485333442688
364,durch eine Doppelmembran,durch eine Doppelmembran aus und enthalten eine eigene zirkuläre DNA,1.0,0.5281737446784973,0.768413245677948
186,Wilhelm I.,König Wilhelm III.,0.0,0.44254422187805176,0.7694871425628662
134,Sergio Oliva,Oliva,1.0,0.7637535929679871,0.7706055641174316
293,Dürreperioden und Sandstürmen,wurde Oklahoma wiederholt von Dürreperioden und Sandstürmen heimgesucht,1.0,0.5859489440917969,0.7707093358039856
288,"Indianerstämmen der Muskogee, der Seminolen, der Cherokee, der Choctaw und der Chickasaw zu (den „Fünf zivilisierten Nationen“), die aus den östlichen Staaten vertrieben wurden. Etwa 50.000 Menschen wurden nach Oklahoma getrieben, wo sie auf bereits ansässige andere Indianerstämme trafen.","Etwa 50.000 Menschen wurden nach Oklahoma getrieben, wo sie auf bereits ansässige andere Indianerstämme trafen",1.0,0.6158798933029175,0.7717232704162598
32,Pädagogen Friedrich Fröbel,Fröbel,2.0,0.7016562223434448,0.7728303074836731
319,Erster Hauptsatz,Erster Hauptsatz der Thermodynamik,1.0,0.5896891951560974,0.7735785841941833
240,in Afrika,vor allem in Afrika,1.0,0.734074592590332,0.7746402621269226
283,doppelte Zeilen- sowie Spaltenanzahl,Die doppelte Zeilen- sowie Spaltenanzahl erleichtert das Hochskalieren von HDTV,1.0,0.6390116810798645,0.7746706604957581
309,1983,Seit 1983,1.0,0.8175098896026611,0.7747135162353516
355,"konnten sich moderne wissenschaftliche, politische und literarische Genres etablieren.","die seit über 800 Jahren statisch festgeschriebene Tradition aufgebrochen und konnten sich moderne wissenschaftliche, politische und literarische Genres etablieren",1.0,0.6622904539108276,0.7750543355941772
386,1900,seit 1900,1.0,0.7676876783370972,0.7787225246429443
343,"Ihr zufolge sind die kleinsten gesellschaftlichen Gebilde (Gruppen, Gemeinden) autonom","Ihr zufolge sind die kleinsten gesellschaftlichen Gebilde (Gruppen, Gemeinden) autonom. Sie gehen aus eigenem Antrieb Zweckbündnisse ein, geben jedoch nur diejenigen Aufgaben an ihre Vereinigungen ab, die sie selbst nicht wahrnehmen können",1.0,0.7003502249717712,0.7793802618980408
337,16 Verwaltungsbezirken „Delegaciones“,16 Verwaltungsbezirken,2.0,0.7041839361190796,0.7807965874671936
264,Deutschland,aus Deutschland,2.0,0.7382267713546753,0.7814669013023376
278,14. Dezember 1861,am 14. Dezember 1861 gegen 22:50 Uhr,1.0,0.6391521692276001,0.7817872166633606
322,1972,seit 1972,1.0,0.7495715618133545,0.7826618552207947
233,1974,seit 1974,1.0,0.7958132028579712,0.78370201587677
330,Anwalt,Abgeordneten und Anwalt,1.0,0.49193549156188965,0.7850080132484436
398,"Seitdem wurden immer neue, extrem abweichende Schätzungen auf unterschiedlichster methodologischer Grundlage erstellt. Sie reichen von kaum mehr als 8 Millionen bis zu über 110 Millionen. Jüngere Schätzungen gehen von einem sehr groben Näherungswert von 50 Millionen Einwohnern aus, von denen etwa die Hälfte in Mesoamerika, ein Viertel im Inkareich lebte.",Sie reichen von kaum mehr als 8 Millionen bis zu über 110 Millionen. Jüngere Schätzungen gehen von einem sehr groben Näherungswert von 50 Millionen Einwohnern aus,1.0,0.5914691090583801,0.7871001958847046
346,"Zum einen kommt alternatives Spleißen von mRNA in Frage. Zum Beispiel das Spleißen von Kanalproteinen, sodass deren Durchlässigkeit für Ionen verändert ist. Zum anderen sind epigenetische Kontrollmechanismen relevant. Hierzu zählen unter anderem die genomische Prägung und die Histonmodifikation. Zudem wird immer wieder die Frage gestellt, inwiefern die Umwelt Einfluss auf den Dimorphismus hat.
Ein anderer Erklärungsansatz ist folgender: Geschlechtshormone, wie Testosteron und die Östrogene, wirken nicht nur auf die Keimdrüsen, sondern in vielfältiger Weise auf das gesamte Nervensystem: auf Nervenzellen, Synapsen, Genexpression. Dies gilt für die Zeit der Embryonalentwicklung und während der Kindheit, der Pubertät und im Erwachsenenalter. So bewirken die Geschlechtshormone eine typische männliche beziehungsweise weibliche Entwicklung des Nervensystems.","Zum einen kommt alternatives Spleißen von mRNA in Frage. Zum Beispiel das Spleißen von Kanalproteinen, sodass deren Durchlässigkeit für Ionen verändert ist. Zum anderen sind epigenetische Kontrollmechanismen relevant. Hierzu zählen unter anderem die genomische Prägung und die Histonmodifikation. ",1.0,0.6075860857963562,0.7901254892349243
300,Sachsen-Meiningen und Reuß älterer Linie waren mit Österreich verbündet,"Im Preußisch-Österreichischen Krieg von 1866 standen die meisten Thüringer Staaten auf Seiten Preußens, lediglich Sachsen-Meiningen und Reuß älterer Linie waren mit Österreich verbündet",1.0,0.6865876913070679,0.791102945804596
392,"örtliche Sonnenzeit, die durch den Stundenwinkel der Sonne definiert ist","die örtliche Sonnenzeit, die durch den Stundenwinkel der Sonne definiert ist. Damit ist es am Mittag (Zeitpunkt des höchsten Sonnenstandes) 12:00 Uhr und um Mitternacht 0:00 Uhr",1.0,0.5869924426078796,0.791436493396759
417,36.000 bis 31.000 Jahre,z. B. bei Leinen auf einen Zeitraum von 36.000 bis 31.000 Jahre datiert.,1.0,0.6198722720146179,0.7945239543914795
268,Juni 2012,2012,1.0,0.4842354357242584,0.7959353923797607
251,1929 Metern,1929,1.0,0.7753143310546875,0.7966068983078003
380,vorzugsweise bei Sendern hoher Leistung,bei Sendern hoher Leistung,2.0,0.8130059242248535,0.8002656102180481
389," ein Wissen aus reiner Vernunft (a priori) gegenüber der Empirie von höherer Gewissheit sei. Dieses apriorische Wissen sei auch Voraussetzung der empirischen Welterfahrung, d. h. zugrunde liegendes Wissen bzw. epistemische Rechtfertigung aus reiner Vernunft für jede Art von Empirie"," behaupten, dass ein Wissen aus reiner Vernunft (a priori) gegenüber der Empirie von höherer Gewissheit sei.",1.0,0.7015976309776306,0.8005944490432739
274,"von 6,8 Mio. im Jahr 2015 auf ca. 14 Mio. im Jahr 2050",auf ca. 14 Mio.,1.0,0.5658107995986938,0.8013049960136414
249,"Der Auftrag der ''Army'', wie sie im offiziellen Sprachgebrauch genannt wird, ist die Wahrung US-amerikanischer Interessen im Ausland, aber auch die militärische Verteidigung der Vereinigten Staaten gegenüber anderen Staaten. Dazu unterhält sie Stützpunkte auf der gesamten Welt.","die Wahrung US-amerikanischer Interessen im Ausland, aber auch die militärische Verteidigung der Vereinigten Staaten gegenüber anderen Staaten",1.0,0.7061342000961304,0.8026782870292664
405,"diejenigen, ''die ihren Lebensunterhalt aus produktiver und gesellschaftlich nützlicher Arbeit'' bestritten. Wer Lohnarbeiter beschäftigte oder von Renten und Wertpapieren lebte, war ausgeschlossen; Kaufleute und Priester entmündigte man per definitionem","diejenigen, ''die ihren Lebensunterhalt aus produktiver und gesellschaftlich nützlicher Arbeit'' bestritten",1.0,0.44314518570899963,0.8030531406402588
420,die Landesverteidigung oder die Außenpolitik,nur bestimmte Angelegenheiten – etwa die Landesverteidigung oder die Außenpolitik –,1.0,0.6324915885925293,0.8031739592552185
303,kommen bei Emotionen die jeweiligen Auslöser stärker zum Zuge,"Während Stimmungen vielfach unbemerkt auf Bedürfnissen beruhen, kommen bei Emotionen die jeweiligen Auslöser stärker zum Zuge",1.0,0.7127315402030945,0.8057603240013123
100,Klan der Taira,Taira,2.0,0.7217500805854797,0.8062153458595276
75,Haus Oranien,von Oranien,2.0,0.6728819608688354,0.8070505261421204
225,An der RWTH Aachen im Institut für Elektrische Maschinen,An der RWTH Aachen,1.0,0.48413321375846863,0.8078544735908508
267,Die Türkei lehnt eine Ausweitung der mit der EU geschlossenen Zollunion auf das EU-Mitglied Republik Zypern ab und öffnet ihre Häfen und Flughäfen nicht für das Anlaufen von griechisch-zypriotischen Schiffen und Flugzeugen.,öffnet ihre Häfen und Flughäfen nicht für das Anlaufen von griechisch-zypriotischen Schiffen und Flugzeugen,1.0,0.6561233401298523,0.8079830408096313
329,"Jean Louise, genannt „Scout“","aufgeweckten kleinen Mädchens Jean Louise, genannt „Scout“",2.0,0.8563627004623413,0.8094832897186279
404,"ink erfüllt im Körper viele verschiedene Funktionen. So nimmt es Schlüsselrollen im Zucker-, Fett- und Eiweißstoffwechsel ein und ist beteiligt am Aufbau der Erbsubstanz und beim Zellwachstum. Sowohl das Immunsystem als auch viele Hormone benötigen Zink für ihre Funktion.","Schlüsselrollen im Zucker-, Fett- und Eiweißstoffwechsel ein und ist beteiligt am Aufbau der Erbsubstanz und beim Zellwachstum",1.0,0.6097428798675537,0.8100504875183105
316,"einen schwarzen, nach heraldisch rechts aufwärts schreitenden Bären auf silbernem Hintergrund","Das erste Wappen Berns soll gemäss Justingerchronik einen schwarzen, nach heraldisch rechts aufwärts schreitenden Bären auf silbernem Hintergrund gezeigt haben",1.0,0.6531018018722534,0.8129383325576782
269,etwa 10 Milliarden Euro (also 11.300 Euro pro Einwohner),etwa 10 Milliarden Euro,1.0,0.6536539793014526,0.8136501312255859
244,Equilibrium Line Altitude,''Equilibrium Line Altitude'' (ELA),2.0,0.8429417610168457,0.8140004277229309
239,in Deutschland,im Wesentlichen in Deutschland,1.0,0.587908148765564,0.8148989677429199
377,"Die Bonyāds agieren in Form von Holdings und sind in großen Teilen der Wirtschaft marktbeherrschend, so z. B. im Bereich des Exports, beim Baumaterial (Beton), Reedereien und Petrochemie, außerdem betreiben sie Hotels, Universitäten und Banken."," z. B. im Bereich des Exports, beim Baumaterial (Beton), Reedereien und Petrochemie, außerdem betreiben sie Hotels, Universitäten und Banken",1.0,0.6466068625450134,0.8157733678817749
416,"Gewand-Nadeln, später Fibeln und Schnallen, noch später durch Knöpfe","neben dem Vernähen als ständigem Verschluss nun auch bei Gebrauch durch Gewand-Nadeln, später Fibeln und Schnallen, noch später durch Knöpfe erfolgen",1.0,0.7005242705345154,0.8160147666931152
243,bis etwa 1 MHz,im Bereich niedriger Frequenzen bis etwa 1 MHz,1.0,0.6887524127960205,0.8161386847496033
390,dass Wissen vor allem durch direkte Intuition und Deduktion gebildet wird,durch direkte Intuition und Deduktion,1.0,0.7935201525688171,0.8179219961166382
372,"Großbritannien schloss darum am 30. September mit Zarin Elisabeth von Russland den Vertrag von Sankt Petersburg, in dem sich Russland verpflichtete, vier Jahre lang 50.000 Mann entlang der Grenzen zu Ostpreußen zu positionieren. Dafür sollte das Zarenreich eine jährliche Zahlung von 100.000 Pfund Sterling erhalten, sowie weitere 400.000 Pfund, falls das russische Kontingent aufgestockt würde. Militärisch eingreifen durften die russischen Truppen laut Vertrag aber erst nach dem Ausbruch von Kampfhandlungen auf deutschem Boden. Mit diesem Schachzug sollte Preußen von einem Angriff auf Hannover abgehalten werden.","in dem sich Russland verpflichtete, vier Jahre lang 50.000 Mann entlang der Grenzen zu Ostpreußen zu positionieren. Dafür sollte das Zarenreich eine jährliche Zahlung von 100.000 Pfund Sterling erhalten, sowie weitere 400.000 Pfund, falls das russische Kontingent aufgestockt würde",1.0,0.629790723323822,0.8191632032394409
270,"Die Ehe wurde heilig gehalten, es herrschte ursprünglich Monogamie.",Die Ehe wurde heilig gehalten,1.0,0.7197070121765137,0.8201010227203369
35,unter 2 %,"nahe, aber unter 2 %",2.0,0.8421996235847473,0.821840763092041
236,Die mitteleuropäische Sommerzeit beginnt am letzten Sonntag im März um 2:00 Uhr MEZ,am letzten Sonntag im März um 2:00 Uhr MEZ,1.0,0.695224404335022,0.822688102722168
253,am Golf von Mexiko in der Golfküstenebene,an der Südküste der Vereinigten Staaten und im Osten des Bundesstaates Texas direkt am Golf von Mexiko in der Golfküstenebene,1.0,0.6333979368209839,0.8227735757827759
171,Peter Reid,Reid,1.0,0.8439913988113403,0.8287863731384277
407,"Eine Zufuhr von mehr als 100 mg pro Tag ist nicht empfehlenswert, ab 200 mg können Symptome wie Übelkeit, Erbrechen oder auch Durchfall auftreten.","ab 200 mg können Symptome wie Übelkeit, Erbrechen oder auch Durchfall auftreten",1.0,0.6417754292488098,0.8292954564094543
281,zu der irischen Schauspielerin Nellie Clifden,Nellie Clifden,2.0,0.7464343309402466,0.8296213150024414
94,Anthony Porter,Porter,1.0,0.8472438454627991,0.8329391479492188
295,"Local Government Areas (LGA, lokale Verwaltungsgebiete),","Sie besteht aus der City of Melbourne und 30 weiteren Local Government Areas (LGA, lokale Verwaltungsgebiete)",1.0,0.43154972791671753,0.8339840173721313
246,im sogenannten Zehrgebiet (Ablationsgebiet) des Gletschers ist der Massenverlust durch Ablation größer als der Zuwachs an Gletschereis,ist der Massenverlust durch Ablation größer als der Zuwachs an Gletschereis,1.0,0.8531616926193237,0.8343150019645691
324,"in den Tropen, genauer gesagt in den Kalttropen",in den Tropen,1.0,0.6673403382301331,0.8346243500709534
373,Norddeutschland vor fremden Truppen zu schützen,"vereinbarten beide Mächte, Norddeutschland vor fremden Truppen zu schützen",1.0,0.7558451890945435,0.8346495628356934
256,seit August 2009,August 2009,1.0,0.7842422723770142,0.8350483775138855
247,Deportationsgesetz von 1915,das Deportationsgesetz,1.0,0.6697845458984375,0.8356685042381287
338,"Für Amateure finden jährlich die von der NCAS veranstalteten, multidisziplinären Wettbewerbe im Rahmen der ''State Games of North Carolina'' statt. Außerdem finden verschiedene allgemeine Fitness- und Radwettbewerbe, wie beispielsweise die ''Cycle North Carolina'', statt.","die von der NCAS veranstalteten, multidisziplinären Wettbewerbe im Rahmen der ''State Games of North Carolina'' ",1.0,0.6247047781944275,0.8387230634689331
234,'Anorthotiko Komma Ergazomenou Laou'',Fortschrittspartei des werktätigen Volkes ''Anorthotiko Komma Ergazomenou Laou'',2.0,0.6730188727378845,0.8388380408287048
286,"HP, Microsoft und Intel","unter anderem die Unternehmen HP, Microsoft und Intel",2.0,0.8971068859100342,0.8401421308517456
388,"Die 12-cm-Version wird häufig als ''CD-Video'' bezeichnet, hat aber nichts mit dem DVD-Vorläufer Video-CD zu tun. Es können 6 min Bild und Ton und weitere 20 min nur Ton aufgezeichnet werden. Ein zusätzlicher Nur-Ton-Anteil kann von jedem CD-Spieler wiedergegeben werden. Die reguläre Videospur ist jedoch völlig inkompatibel zu CD- oder DVD-Formaten und kann von entsprechenden Laufwerken nicht gelesen werden.",Ein zusätzlicher Nur-Ton-Anteil kann von jedem CD-Spieler wiedergegeben werden. Die reguläre Videospur ist jedoch völlig inkompatibel zu CD- oder DVD-Formaten und kann von entsprechenden Laufwerken nicht gelesen werden.,1.0,0.5663644671440125,0.8415030241012573
277,"für den Transport von Mobiliar bei Umzügen, vorzugsweise aus höheren Etagen","für den Transport von Mobiliar bei Umzügen,",1.0,0.7534046173095703,0.8431364297866821
260,eine weitere Verkleinerung auf 18 Klubs,eine weitere Verkleinerung auf 18 Klubs zu Beginn der Saison 2007/08,1.0,0.7504153251647949,0.8432687520980835
157,Central League,„Central League“,2.0,0.8800280690193176,0.843847930431366
368,der San Diego River,Diego River,1.0,0.6433072090148926,0.844704270362854
290,Cyrus Avery,der Geschäftsmann Cyrus Avery,2.0,0.7113712430000305,0.8454203605651855
248,"Wie im Lateinischen und den meisten slawischen Sprachen gibt es in der Schriftsprache weder bestimmte noch unbestimmte Artikel. In der Umgangssprache können die Demonstrativpronomen ''ten'', ''ta'', ''to'' (wörtlich ''dieser'', ''diese'', ''dieses'') jedoch in Artikelfunktion verwendet werden,","in der Schriftsprache weder bestimmte noch unbestimmte Artikel. In der Umgangssprache können die Demonstrativpronomen ''ten'', ''ta'', ''to'' (wörtlich ''dieser'', ''diese'', ''dieses'') jedoch in Artikelfunktion verwendet werden, z. B.: ''(Ten) pán se podíval na (toho) psa'' (Der Herr schaute auf den Hund)",1.0,0.6901711821556091,0.847890317440033
409,"Ein Kehldeckel (''Epiglottis'') verschließt beim Schlucken den Kehlkopf, um das Eindringen von Nahrung in die Luftröhre zu verhindern.","verschließt beim Schlucken den Kehlkopf, um das Eindringen von Nahrung in die Luftröhre zu verhindern",1.0,0.8574236631393433,0.848436713218689
232,STBern Leichtathletik,Der STBern,1.0,0.5106418132781982,0.8530713319778442
331,ihr Nachbar Boo Radley,Boo Radley,2.0,0.7683200240135193,0.8535912036895752
321,in 50 New Gower Street in der Innenstadt,50 New Gower Street,2.0,0.8520758748054504,0.8553290367126465
235,56 Mandate auf Zyperngriechen und 24 auf Zyperntürken,56 Mandate auf Zyperngriechen und 24 auf Zyperntürken entfallen (diese Mandate bleiben seit 1974 vakant),1.0,0.6910545825958252,0.8566895723342896
262,Umgangssprache eine Sondersprache,Umgangssprache,1.0,0.7789608240127563,0.8574693202972412
335,"46,37","46,37 Prozent",1.0,0.8002966046333313,0.8593476414680481
336,"46,37"," 46,37 Prozent ",1.0,0.8002966046333313,0.8593476414680481
310,"eine grosse Gruppe von nichtkommerziellen Regionalsendern, die komplementäre Programme abseits des Einheitsbreis produzieren. Sie haben sich in der Gruppe Union nicht-kommerzorientierter Lokalradios (UNIKOM) zusammengeschlossen","eine grosse Gruppe von nichtkommerziellen Regionalsendern, die komplementäre Programme abseits des Einheitsbreis produzieren",1.0,0.7542164921760559,0.8612576127052307
406,Dabei entwickelt der Vergiftete grippeähnliche Symptome mit zum Teil starken Fieberanfällen,grippeähnliche Symptome mit zum Teil starken Fieberanfällen,1.0,0.7272727489471436,0.8624899983406067
14,Johads,Johad,2.0,0.8521178960800171,0.8646899461746216
374,am 17. Mai,am 17. Mai 1756,1.0,0.6118276715278625,0.8661308884620667
252,Auf molekularer Ebene besteht Eis aus übereinanderliegenden Molekülschichten mit relativ schwachen Bindungskräften zwischen den einzelnen Schichten.,Auf molekularer Ebene besteht Eis aus übereinanderliegenden Molekülschichten,1.0,0.70472252368927,0.866270124912262
320,dass Wärme eigenständig von einem kälteren auf einen wärmeren Körper übergeht.,"Nach dem zweiten Hauptsatz ist es unmöglich, dass Wärme eigenständig von einem kälteren auf einen wärmeren Körper übergeht",1.0,0.6818864941596985,0.8668885231018066
415,Die Effektivität als Kleidung wurde durch die Erfindung des Nähens erheblich gesteigert,"Die Effektivität als Kleidung wurde durch die Erfindung des Nähens erheblich gesteigert, da Kleidung nun geschlossen und dem menschlichen Körperbau angepasst werden konnte",1.0,0.7553408741950989,0.8669096231460571
369,"Darwin legte in diesem Werk zahlreiche Belege für seine Theorie vor, dass sich Tier- und Pflanzenarten durch natürliche Selektion im Laufe langer Zeiträume verändern und dass alle heute existierenden Lebewesen von gemeinsamen Vorfahren abstammen. ",dass sich Tier- und Pflanzenarten durch natürliche Selektion im Laufe langer Zeiträume verändern und dass alle heute existierenden Lebewesen von gemeinsamen Vorfahren abstammen,1.0,0.6642213463783264,0.8669269680976868
306,"Eine Verpflichtung zu bestimmten Impfungen (Tollwut) gibt es in den meisten Bundesländern nicht, sie ist jedoch nötig, wenn innerhalb der EU Ländergrenzen passiert werden",Eine Verpflichtung zu bestimmten Impfungen (Tollwut) gibt es in den meisten Bundesländern nicht,1.0,0.6776657700538635,0.8672491908073425
289,Erdöl- und Erdgasfunde,die Entdeckung reicher Erdöl- und Erdgasfunde,1.0,0.8662588596343994,0.8673726916313171
313,auf die Diskothek La Belle im Jahr 1986,Für den Bombenanschlag auf die Diskothek La Belle im Jahr 1986,1.0,0.7449797987937927,0.8688018918037415
285,November 2008,Im November 2008,2.0,0.9367088675498962,0.868918776512146
315,Theorie der multiplen Intelligenzen,der Theorie der multiplen Intelligenzen von Howard Gardner,1.0,0.6483351588249207,0.8691819310188293
401,Transkriptionsfaktoren,die wichtige Transkriptionsfaktoren sind,1.0,0.7945229411125183,0.872166633605957
393,"Jeder Zeitzone wurde eine Zonenzeit zugeordnet, die (nach damaliger Definition) gleich der mittleren Sonnenzeit des Mittelmeridians der Zone mit den geographischen Längen 0°, 15°, 30°, … östlich und westlich von Greenwich war. ","gleich der mittleren Sonnenzeit des Mittelmeridians der Zone mit den geographischen Längen 0°, 15°, 30°, … östlich und westlich von Greenwich war",1.0,0.800211489200592,0.8736705183982849
229,kolonialen Stil,Im typischen kolonialen Stil,2.0,0.8862800598144531,0.8739057183265686
312,"Dieses definiert sie selbst als ein Wachstum des harmonisierten Verbraucherpreisindexes HVPI im Euro-Raum, das unter, aber nahe bei zwei Prozent pro Jahr liegen sollte. Das heißt, dass die Inflation unter 2 % gehalten werden soll.","ein Wachstum des harmonisierten Verbraucherpreisindexes HVPI im Euro-Raum, das unter, aber nahe bei zwei Prozent pro Jahr liegen sollte",1.0,0.8362380266189575,0.874616265296936
261,FA Premier League,„FA Premier League“,2.0,0.8733848333358765,0.878402829170227
383,sieben Millionen,rund sieben Millionen,1.0,0.8794607520103455,0.8789563179016113
400,von etwa 1640 bis 1701,1640 bis 1701,2.0,0.8903160095214844,0.8803844451904297
276,"nach der bisherigen deutschen Aufzugsverordnung eine Aufzugsanlage, die ausschließlich zum Transport von Gütern ohne die Begleitung von Personen gedacht ist","eine Aufzugsanlage, die ausschließlich zum Transport von Gütern ohne die Begleitung von Personen gedacht ist",1.0,0.7318289279937744,0.884189784526825
334,"veredelte, geschmückte und verzierte, oft aufwendig bearbeitete Papiererzeugnisse die von etwa 1820/1860 bis 1920/1930 hergestellt wurden, als es eine eigene Luxuspapierindustrie gab","Dies ist die Bezeichnung für veredelte, geschmückte und verzierte, oft aufwendig bearbeitete Papiererzeugnisse die von etwa 1820/1860 bis 1920/1930 hergestellt wurden",2.0,0.8101059198379517,0.8861324191093445
162,Spanier Juan Ponce de León,Ponce de León,2.0,0.6919435858726501,0.8861411213874817
411,"in deren Nieren sich Henle’sche Schleifen (''Ansae nephricae'') befinden, wodurch sie zur Rückresorption von Wasser aus dem Primärharn fähig sind."," Neben den Vögeln sind die Säugetiere die einzige Tiergruppe, in deren Nieren sich Henle’sche Schleifen (''Ansae nephricae'') befinden, wodurch sie zur Rückresorption von Wasser aus dem Primärharn fähig sind",1.0,0.653532862663269,0.8864561915397644
184,Die Landwirtschaft,Landwirtschaft,2.0,0.820796549320221,0.8881363868713379
353,"eine möglichst optimale Sauerstoffversorgung des Herzens, die Schmerzbekämpfung und eine Vermeidung weiterer Blutgerinnselbildung","zielt in der Akutsituation auf eine möglichst optimale Sauerstoffversorgung des Herzens, die Schmerzbekämpfung und eine Vermeidung weiterer Blutgerinnselbildung",1.0,0.8197444677352905,0.8893222212791443
382,"Kurzschlüsse sind Verbindungen, die z. B. durch Zinnfäden, schlechtes Ätzen oder mechanische Beschädigung der Isolationsschicht zwischen den Lagen hervorgerufen werden","z. B. durch Zinnfäden, schlechtes Ätzen oder mechanische Beschädigung der Isolationsschicht zwischen den Lagen",1.0,0.7646230459213257,0.8896320462226868
379,ökotoxische,eine ökotoxische Wirkung,1.0,0.9065806269645691,0.8897855877876282
361,"Dazu wird das Normblatt in den Prüfapparat eingespannt und eine Membran mit genormter Fläche drückt mit ansteigender Kraft gegen das Papier. Der Druck, der zum Durchstoßen des Papiers erforderlich ist, wird Berstwiderstand genannt.",Dazu wird das Normblatt in den Prüfapparat eingespannt und eine Membran mit genormter Fläche drückt mit ansteigender Kraft gegen das Papier,1.0,0.713212251663208,0.8914189338684082
282,Witwentracht,ausschließlich Witwentracht,1.0,0.7563546895980835,0.8925706148147583
211,Neapels,Neapel,2.0,0.8417847156524658,0.8930512070655823
391,zur Energieeinsparung am Morgen,zur Energieeinsparung,1.0,0.6188507080078125,0.8947092294692993
402,an Albumin gebunden,überwiegend an Albumin gebunden,2.0,0.7386736273765564,0.8982705473899841
231,Einwanderer oder deren Nachkommen aus den afrikanischen und karibischen Kolonien Frankreichs,Die meisten von ihnen sind Einwanderer oder deren Nachkommen aus den afrikanischen und karibischen Kolonien Frankreichs,2.0,0.8000796437263489,0.8984290361404419
287,23 Uhr,23.00 Uhr,2.0,0.7861263155937195,0.9008858799934387
26,23 Uhr,23.00 Uhr,2.0,0.7861263155937195,0.9008858799934387
344,für das Lernen und die Erinnerungen zuständig,für das Lernen und die Erinnerungen,2.0,0.9230459332466125,0.9032523036003113
299,Eisenach,in Eisenach,2.0,0.9002479910850525,0.9043560028076172
259,"MS-DOS und kompatible unterstützen USB standardmäßig nicht. USB-Tastaturen und USB-Massenspeicher sind über die Legacy-Emulation vieler moderner PC-BIOS-Versionen dennoch verwendbar, aber meist nicht Hotplug-fähig. Auch USB-Mäuse funktionieren meist mit für PS/2-Mäuse vorgesehenen Treibern, wenn der Legacy-Mode aktiviert ist. Für FreeDOS gibt es den „motto hairu“-Treiber, der USB 2.0 zur Verfügung stellt. Andere Hersteller bieten Spezialtreiber an, die aber viel konventionellen Speicher belegen und deshalb mit vielen DOS-Programmen nicht kompatibel sind."," MS-DOS und kompatible unterstützen USB standardmäßig nicht. USB-Tastaturen und USB-Massenspeicher sind über die Legacy-Emulation vieler moderner PC-BIOS-Versionen dennoch verwendbar, aber meist nicht Hotplug-fähig. Auch USB-Mäuse funktionieren meist mit für PS/2-Mäuse vorgesehenen Treibern, wenn der Legacy-Mode aktiviert ist",1.0,0.649950385093689,0.9055551290512085
395,Wölfen,den Wölfen,2.0,0.8810707926750183,0.9089019894599915
302,relativ kurz und intensiv,zeitlich relativ kurz und intensiv,1.0,0.8407701849937439,0.9094650149345398
254,Harris County,im Harris County,2.0,0.8435810804367065,0.9094887971878052
381,"Ein Kurzschluss ist eine Verbindung zwischen zwei Punkten, die entsprechend der Schaltung nicht bestehen darf","eine Verbindung zwischen zwei Punkten, die entsprechend der Schaltung nicht bestehen darf",1.0,0.7434887290000916,0.9106167554855347
292,einen indianisch geprägten Bundesstaat „Sequoyah“ ins Leben zu rufen,im Osten des Landes einen indianisch geprägten Bundesstaat „Sequoyah“ ins Leben zu rufen,1.0,0.8292930722236633,0.9107180833816528
191,Kopernikus,Nikolaus Kopernikus,1.0,0.8499119281768799,0.9107466340065002
328,von 1933 bis 1935,1933 bis 1935,2.0,0.9420189261436462,0.9139390587806702
291,16. November 1907,Am 16. November 1907,2.0,0.9870920181274414,0.9141992926597595
375,"USB erlaubt es einem Gerät, Daten mit 1,5 Mbit/s (Low Speed), 12 Mbit/s (Full Speed), 480 Mbit/s (Hi-Speed), 4 Gbit/s (SuperSpeed) oder 9,7 Gbit/s (Superspeed+) zu übertragen.","mit 1,5 Mbit/s (Low Speed), 12 Mbit/s (Full Speed), 480 Mbit/s (Hi-Speed), 4 Gbit/s (SuperSpeed) oder 9,7 Gbit/s (Superspeed+) ",1.0,0.8294861912727356,0.9156410098075867
359,vorwiegend von der flächenbezogenen Masse,von der flächenbezogenen Masse,1.0,0.7197811007499695,0.9162202477455139
271,Nordindien,In Nordindien,2.0,0.8286603093147278,0.9183347225189209
280,16. März 1861,am 16. März 1861,2.0,0.9849607348442078,0.9184150695800781
266,1. Januar 2008,Am 1. Januar 2008,2.0,0.9413567781448364,0.918968141078949
387,"über 12,5 Millionen","über 12,5 Millionen Bücher ",1.0,0.8014127612113953,0.9197158813476562
265,in der feucht-subtropischen Klimazone (Cfa),in der feucht-subtropischen Klimazone,2.0,0.6698942184448242,0.9201679825782776
342,am 11. Juni 2015,11. Juni 2015,2.0,0.9166837930679321,0.9218791723251343
399,ca. 500,ca. 500 Soldaten,1.0,0.611515998840332,0.9220578074455261
340,am 21. Mai 1853,21. Mai 1853,2.0,0.9564481377601624,0.9228195548057556
301,Johann Wolfgang von Goethe oder Friedrich Schiller,Dichter wie Johann Wolfgang von Goethe oder Friedrich Schiller,2.0,0.8110736608505249,0.9236660599708557
124,am 7. Juli 1837,7. Juli 1837,2.0,0.9747599959373474,0.923908531665802
294,"Victoria, South Australia, Tasmania und Western Australia","für die Bundesstaaten Victoria, South Australia, Tasmania und Western Australia",2.0,0.9187300205230713,0.924547553062439
419,die mittelalterliche Altstadt auf der Grande-Île und die Neustadt,"Teile der Innenstadt, die mittelalterliche Altstadt auf der Grande-Île und die Neustadt",1.0,0.8386106491088867,0.9245918393135071
149,zwei Stunden,drei Stunden,0.0,0.3539855480194092,0.9253048896789551
424,23. April 1810,am 23. April 1810,2.0,0.9806038737297058,0.925532877445221
408,Kehldeckel,Ein Kehldeckel,2.0,0.9973703622817993,0.926735520362854
258,"Windows 10 unterstützt USB 1.0, 1.1, 2.0, 3.0, 3.1","USB 1.0, 1.1, 2.0, 3.0, 3.1",1.0,0.6538159847259521,0.9278955459594727
311,"über UKW, sondern auch über DAB+","nicht nur über UKW, sondern auch über DAB+",2.0,0.9983730316162109,0.9279229640960693
318,Kraft mal Weg,Kraft mal Weg“,2.0,0.9752185940742493,0.9299539923667908
357,"gegen pflanzliche Pollen, Tierhaare, Lebensmittelbestandteile und Medikamente","besonders häufig gegen pflanzliche Pollen, Tierhaare, Lebensmittelbestandteile und Medikamente",2.0,0.9295298457145691,0.9343647360801697
341,FIFA- und AFC,FIFA- und AFC-Mitglied,1.0,0.8281797766685486,0.935336709022522
360,"wie leicht ein Papier, das bereits eingerissen ist, weiterreißt","gibt an, wie leicht ein Papier, das bereits eingerissen ist, weiterreißt",2.0,0.999188244342804,0.9375786185264587
325,verarmte Kleinadelige,Viele verarmte Kleinadelige,1.0,0.8239214420318604,0.9388579726219177
333,"Halifax, Montreal, Ottawa und Toronto und andere Ziele"," Halifax, Montreal, Ottawa und Toronto",1.0,0.7524372935295105,0.940222442150116
250,an Jiangsu und Shanghai,Jiangsu und Shanghai,2.0,0.9288570284843445,0.9409189224243164
305,"n freier, nicht an Proteine gebundener Form","In freier, nicht an Proteine gebundener Form",2.0,0.8192294239997864,0.9416589736938477
135,Detroit Tigers,Die Detroit Tigers,2.0,0.964572012424469,0.9423078298568726
279,Typhuserkrankung,eine Typhuserkrankung,2.0,0.988291323184967,0.9454895257949829
272,Brahmanismus,den Brahmanismus,2.0,0.931309700012207,0.9459097981452942
350,4.000.000,4.000.000 Soldaten,1.0,0.6037306785583496,0.9462165236473083
349,Privatuniversität,eine Privatuniversität,2.0,0.9386496543884277,0.9476696848869324
351,1.200.000,1.200.000 Soldaten,1.0,0.6226838231086731,0.9482501745223999
403,RNA-Polymerase und der Carboanhydrase,beispielsweise der RNA-Polymerase und der Carboanhydrase,2.0,0.9076943397521973,0.9509676694869995
97,Familie Fujiwara,Fujiwara-Familie,2.0,0.9604458212852478,0.9539061784744263
307,in einer zugelassenen Rettungshundestaffel,nur in einer zugelassenen Rettungshundestaffel,1.0,0.838401198387146,0.954351544380188
226,wird die Signalübertragung stark gedämpft.,die Signalübertragung stark gedämpft,2.0,0.9985339641571045,0.9577355980873108
85,313 n. Chr.,311 n. Chr.,0.0,0.44626978039741516,0.9615815877914429
228,Casa Museo Estudio de Diego Rivera y Frida Kahlo,„Casa Museo Estudio de Diego Rivera y Frida Kahlo“,2.0,0.9980065226554871,0.9642503261566162
198,"Washington, D.C.",Washington D.C.,2.0,0.9011641144752502,0.9664758443832397
223,,,,0.8864874243736267,0.9999997615814209
224,,,,0.8864874243736267,0.9999997615814209
197,J. Edgar Hoover Building,J. Edgar Hoover Building,2.0,0.9985698461532593,0.9999998807907104
