,answer1,answer2,label,bi_encoder,f1
382,Working versions of 3D-printing building technology are already printing,2014,0.0,-0.14194104075431824,0.5
311,not necessarily right,the will of elite politicians,0.0,-0.11059580743312836,0.5
77,regional cities,Phillip Island,0.0,-0.08964570611715317,0.5
250,"role in spreading awareness of, and access to, national networking and was a major milestone on the path to development of the global Internet",not be directly connected to ARPANET,0.0,-0.08187182992696762,0.5
199,one in five,"2,200",0.0,-0.06192699074745178,0.5
246,host interface to X.25 and the terminal interface to X.29,ARPANET,0.0,-0.057802073657512665,0.5
574,no revising chamber,"take evidence from witnesses, conduct inquiries and scrutinise legislation",0.0,-0.053574927151203156,0.5
457,various academic disciplines,"the world's first man-made, self-sustaining nuclear reaction",0.0,-0.04738897085189819,0.5
410,the methodology used,"""silly argument"" and ""a non-issue . . . a diversion.""",0.0,-0.0449630506336689,0.5
364,lack of remorse,the judge increased her sentence,0.0,-0.04338880628347397,0.5
400,Battle of Cedar Creek,1864,0.0,-0.03181574121117592,0.5
155,"last week of February 1974,",20%,0.0,-0.030785152688622475,0.5
459,passed,Several University of Chicago professors,0.0,-0.025991668924689293,0.5
299,utterly debased,everything from bringing a test-case in the federal courts to taking aim at a federal official,0.0,-0.022244811058044434,0.5
629,Eastern Europe,1919–20,0.0,-0.022097639739513397,0.5
630,Mao Zedong,Sultan Galiev and Vasyl Shakhrai,0.0,-0.02148263156414032,0.5
589,"able to vote on domestic legislation that applies only to England, Wales and Northern Ireland",procedural consequence,0.0,-0.014501135796308517,0.5
411,a diversion,the basis of the methodology used,0.0,-0.009530153125524521,0.5
278,another customer might overhear about the drugs that they take,homebound,0.0,-0.008699131198227406,0.5
670,"very badly disposed towards the French, and are entirely devoted to the English",what way they could be brought back,0.0,-0.006585005670785904,0.5
88,Corliss,patent valve,0.0,-0.004901362583041191,0.5
591,a historical fluke,political Islam,0.0,-0.004777305293828249,0.5
499,"""business as usual"" (BAU)",enhanced greenhouse effect,0.0,-0.001768495887517929,0.5
581,supplant it.,"reverts to the first Thursday in May, a multiple of four years after 1999",0.0,0.009175593964755535,0.5
281,In some rural areas in the United Kingdom,prescribe and dispense prescription-only medicines to their patients from within their practices,0.0,0.009667392820119858,0.5
671,British colonists would not be safe as long as the French were present,forceful,0.0,0.011107171885669231,0.5
369,inform the jury and the public of the political circumstances,plead not guilty,0.0,0.018547432497143745,0.5
729,residual of the force,nucleons in atomic nuclei,0.0,0.02181844413280487,0.5
617,geographical societies in Europe,necessary for a state’s survival,0.0,0.022194337099790573,0.5
140,Acute oxygen toxicity,seizures,0.0,0.024354059249162674,0.5
132,dangerous by-products,the immune system,0.0,0.02650502696633339,0.5
268,provide better absolute bounds on the timing and rates of deposition,gain information about past climate,0.0,0.02677931636571884,0.5
526,diverges,exceeds any given number,0.0,0.027868861332535744,0.5
294,free India,protest and political action,0.0,0.03132539242506027,0.5
113,Avogadro's law,the correct interpretation of water's composition,0.0,0.031397365033626556,0.5
79,some of the Huguenots were nobles trying to establish separate centers of power in southern France,political reasons,0.0,0.03465239703655243,0.5
235,"use of a decentralized network with multiple paths between any two points, dividing user messages into message blocks",ideas,0.0,0.0348367765545845,0.5
409,about 3.5 billion people,50%,0.0,0.03644357621669769,0.5
688,poor harvest,allegedly corrupt machinations of François Bigot,0.0,0.03830862417817116,0.5
295,unjust forms of authority,Peterloo massacre,0.0,0.038735177367925644,0.5
13,mathematical models,branching,0.0,0.03994707763195038,0.5
602,a different view,Islam's pivotal turning point as occurring not with the death of Ali,0.0,0.0400690883398056,0.5
665,"from Nova Scotia and Newfoundland in the north, to Georgia in the south",eastern coast of the continent,0.0,0.04079900309443474,0.5
78,the southern and central parts of France,about one-eighth,0.0,0.04205593094229698,0.5
37,1.3 million,San Diego,0.0,0.04279839247465134,0.5
550,Sankt Goarshausen,Lorelei,0.0,0.043514855206012726,0.5
147,renewal of hostilities in the Arab–Israeli conflict,.,0.0,0.04541217163205147,0.5
393,voucher,pupils are free to choose a private school,0.0,0.04601175710558891,0.5
157,5% production cut,"declared Japan a ""nonfriendly"" country",0.0,0.04764391481876373,0.5
482,Ilkhanate,reaching the highest-post in the government,0.0,0.048087261617183685,0.5
153,encourage investment,"The system limited the price of ""old oil""",0.0,0.048326194286346436,0.5
461,after their second year,early 1950s,0.0,0.048916399478912354,0.5
687,"attack on New France's capital, Quebec",one major operation,0.0,0.051984790712594986,0.5
536,Hoek van Holland,(1036.20 km),0.0,0.052365079522132874,0.5
352,"lack of understanding of the legal ramifications,",a suspect's talking to criminal investigators,0.0,0.052462343126535416,0.5
594,assassinated,Islamists came to completely dominate university student unions,0.0,0.052526190876960754,0.5
317,international organizations and foreign governments,a larger challenge to the legal system that permits those decisions to be taken,0.0,0.05283505842089653,0.5
150,shrinking Western demand,economies had been caught between higher oil prices and lower prices for their own export commodities,0.0,0.05352189764380455,0.5
237,"a general architecture for a large-scale, distributed, survivable communications network",briefing B-265,0.0,0.05392061918973923,0.5
291,obey her conscience rather than human law,She gives a stirring speech,0.0,0.05441081523895264,0.5
301,"code-word describing the activities of muggers, arsonists, draft evaders",utterly debased,0.0,0.054697852581739426,0.5
595,gradual,Islamic revolution,0.0,0.057229265570640564,0.5
646,Vistula Valley,geomorphologic,0.0,0.057413727045059204,0.5
305,constitutional impasse,her or his capacity as public official,0.0,0.05877268314361572,0.5
166,Chevrolet Bel Air,lower price models,0.0,0.05976923555135727,0.5
185,to enable people to pursue their life goals in any country through free movement,Since its foundation,0.0,0.0598401315510273,0.5
371,neither conscientious nor of social benefit,any great amount of it would undermine the law,0.0,0.061123598366975784,0.5
48,monthly fee,SkyHD box,0.0,0.06198678910732269,0.5
109,heat or a spark,oxygen,0.0,0.06395167112350464,0.5
397,30% loss,$12 billion,0.0,0.06417381763458252,0.5
95,Advanced Steam,cogeneration processes,0.0,0.06455855071544647,0.5
684,Petitcodiac in 1755 and at Bloody Creek near Annapolis Royal in 1757,deportation of the French-speaking Acadian population from the area,0.0,0.06507841497659683,0.5
603,ended the true Islamic system,working through Turkish modernist Mustafa Kemal Atatürk,0.0,0.06536276638507843,0.5
219,osmotic pressure,It is uncertain,0.0,0.06566019356250763,0.5
585,issues under their jurisdiction,the First Minister,0.0,0.06697822362184525,0.5
508,50–140 cm,9–88 cm,0.0,0.0670291855931282,0.5
442,Gender,ranges from 53% in Botswana to -40% in Bahrain,0.0,0.06794065982103348,0.5
80,economic separation,worked as weavers,0.0,0.06849006563425064,0.5
342,sending an email,Supreme Court case,0.0,0.06894662231206894,0.5
679,Albany Congress,the opening of hostilities,0.0,0.07024438679218292,0.5
721,force,4-momentum in relativity and momentum of virtual particles in quantum electrodynamics,0.0,0.07167533785104752,0.5
285,apartheid,Singing Revolution to bring independence to the Baltic countries,0.0,0.07268291711807251,0.5
515,Christian Goldbach,mathematicians,0.0,0.07296498119831085,0.5
144,They arranged for Israel to pull back from the Sinai Peninsula and the Golan Heights.,multilateral,0.0,0.07311015576124191,0.5
256,from the tooth sockets in human skeletons,"mass graves in northern, central and southern Europe",0.0,0.07403986901044846,0.5
195,Purus Arch,along the middle,0.0,0.07560354471206665,0.5
675,France's claim to the region was superior to that of the British,Sieur de La Salle had explored the Ohio Country nearly a century earlier,0.0,0.07580254971981049,0.5
735,formalism,the relevant cross-sectional area for the volume for which the stress-tensor is being calculated,0.0,0.07596126198768616,0.5
698,the same,a Galilean transformation,0.0,0.07690286636352539,0.5
669,"British merchants or fur-traders, Céloron informed them of the French claims on the territory and told them to leave.",buried lead plates,0.0,0.07744237780570984,0.5
320,must be publicly announced,civil disobedience,0.0,0.07869721949100494,0.5
366,mistreatment from government officials,sentence,0.0,0.07876678556203842,0.5
288,nonviolent resistance,unfair laws,0.0,0.07929368317127228,0.5
62,a man's presence,mother is wrongly claiming to be living alone,0.0,0.08039591461420059,0.5
202,62 acres,quarter square,1.0,0.08114884048700333,0.5
370,general disobedience,great amount of it,0.0,0.08181722462177277,0.5
251,a partnership with Level 3 Communications to launch a brand new nationwide network,Qwest,0.0,0.08214297145605087,0.5
23,the general number field sieve,RSA,0.0,0.08312166482210159,0.5
620,irrational and backward,them,0.0,0.08362635225057602,0.5
489,pH or available iron,balance of microbial populations,0.0,0.08380869776010513,0.5
485,Zhu Yuanzhang,thanks,0.0,0.08456899225711823,0.5
632,pseudo-sciences,British Empire,0.0,0.08516795933246613,0.5
560,5th century,Migration period,0.0,0.08588896691799164,0.5
228,The isolated subdivision,Dogg Pound,0.0,0.08647777140140533,0.5
116,chemically,a covalent double bond,0.0,0.08881710469722748,0.5
592,considerable impact,"experience, ideology, and weapons",0.0,0.08927753567695618,0.5
531,4k + 3,Z,0.0,0.08998491615056992,0.5
362,plea bargain,plead guilty to one misdemeanor count and receive no jail time,1.0,0.09079807251691818,0.5
396,Allston,on a 358-acre (145 ha) campus,0.0,0.09104396402835846,0.5
187,if they were non-discriminatory,"participate in economic life ""on a stable and continuous basis""",0.0,0.0912000983953476,0.5
654,56.20%,35.7,0.0,0.09195655584335327,0.5
519,the Rhind papyrus,Egyptian fraction,0.0,0.09217207133769989,0.5
349,criminal investigations,grant a consent search,0.0,0.09272582828998566,0.5
148,until their economic and political objectives were met,In response to American aid to Israel,0.0,0.09275306761264801,0.5
83,Parris Island,Southeastern U.S.,1.0,0.09281322360038757,0.5
600,vicious and destructive,civil,0.0,0.09326835721731186,0.5
336,entirely symbolic,harassment,0.0,0.09326881170272827,0.5
493,bacteriophages,viral,0.0,0.09377612918615341,0.5
676,"Contrecœur led 500 men south from Fort Venango on April 5, 1754",40,0.0,0.09449097514152527,0.5
210,planktonic plants,a vital part of marine food chains,1.0,0.09896158427000046,0.5
94,cotton spinning,operations requiring constant speed,0.0,0.09898300468921661,0.5
863,most densely populated,most,0.0,0.09906336665153503,0.5
225,cling to and creep on surfaces,"as a muscular ""foot""",0.0,0.09918895363807678,0.5
502,"""Variations of Snow and Ice in the past and at present on a Global and Regional Scale""",the IPCC from the WWF report,0.0,0.10011395812034607,0.5
239,by store and forward switching,packets,0.0,0.10143237560987473,0.5
593,political support,making peace with Israel,0.0,0.1021939143538475,0.5
596,conspiracy,Westernizing Muslims,0.0,0.10311786085367203,0.5
279,dispensing substandard products,potentially dangerous,0.0,0.10401320457458496,0.5
167,Treaties establishing the European Union,"primary law, secondary law and supplementary law",0.0,0.1040741503238678,0.5
588,Edinburgh Pentlands,former party leader,0.0,0.10480260848999023,0.5
137,Decompression sickness,"bubbles of inert gas, mostly nitrogen and helium, forming in their blood",2.0,0.10498949140310287,0.5
55,Ku band,9.75/10.600 GHz,0.0,0.10796578973531723,0.5
386,expulsion,offer a higher quality of education,0.0,0.1086641401052475,0.5
597,promoted Western/foreign ideas and practices into Islamic societies,secular leanings,0.0,0.10875605791807175,0.5
297,"muggers, arsonists, draft evaders, campaign hecklers, campus militants, anti-war demonstrators, juvenile delinquents and political assassins",civil disobedience,1.0,0.10968631505966187,0.5
85,William the Silent,Pierre L'Oyseleur,0.0,0.10989197343587875,0.5
128,carbon cycle,plant health status,0.0,0.10990351438522339,0.5
40,Hospitality Business/Financial Centre,Downtown Riverside,0.0,0.11032560467720032,0.5
201,One in five,"1,294",0.0,0.1106189489364624,0.5
96,pollution,Advanced Steam movement,0.0,0.11096053570508957,0.5
31,northern,the Tehachapi Mountains,0.0,0.11280007660388947,0.5
283,exaggerating their seriousness,avoiding the unnecessary use of medication that may have side-effects,0.0,0.11367189884185791,0.5
639,World War I,creation of modern Balkan and Middle Eastern states,0.0,0.11383554339408875,0.5
619,the British Empire,Terra nullius,0.0,0.11420664936304092,0.5
115,Air,a substance like wood gains overall weight in burning,0.0,0.11719812452793121,0.5
35,Inland Empire,Temecula and Murrieta,0.0,0.11783041059970856,0.5
662,unwilling to risk large convoys to aid the limited forces it had in New France,significantly increased,0.0,0.1186446100473404,0.5
61,Sky TV bills,claimants,0.0,0.12036004662513733,0.5
114,non-combustible,wood,0.0,0.12094317376613617,0.5
346,coercion,make it more difficult for a system to function,0.0,0.12143312394618988,0.5
507,9–88 cm,0.5–1.4 m,0.0,0.12237285822629929,0.5
75,$8.7 billion,24%,0.0,0.12241965532302856,0.5
267,pressure physical experiments,fluid inclusion data,0.0,0.12253424525260925,0.5
704,vector quantities,dependent upon how strong,0.0,0.12285177409648895,0.5
379,moral reasons to follow this law,whether it would do more harm than good,0.0,0.1233096793293953,0.5
59,25m,36% of households,0.0,0.12414000183343887,0.5
635,the Monroe Doctrine,through policies,0.0,0.12546485662460327,0.5
586,constituency seats,second,0.0,0.1259695589542389,0.5
570,debating chamber,Wednesday afternoons,0.0,0.1262729912996292,0.5
190,"creditor protection, labour rights to participate in work, or the public interest in collecting taxes",Denmark's minimum capital law,0.0,0.1265077292919159,0.5
678,"regain authority over his own people. They had been inclined to support the French, with whom they had long trading relationships",had promised,0.0,0.12702688574790955,0.5
302,Vice President Agnew,Marshall Cohen,0.0,0.12721212208271027,0.5
303,impossible,a maze of semantical problems and grammatical niceties,0.0,0.12769165635108948,0.5
562,Seven Days to the River Rhine,plan for an invasion of Western Europe,0.0,0.1278296709060669,0.5
440,technological changes and globalization,decline of organized labor,0.0,0.12821315228939056,0.5
466,Alpha Phi Omega,Four,0.0,0.12825404107570648,0.5
674,colonel of the Iroquois,He who does great things,0.0,0.12858012318611145,0.5
329,"judged ""wrong"" by an individual conscience",to cause their repeal,0.0,0.12890256941318512,0.5
172,Federica Mogherini,Jean-Claude Juncker,0.0,0.13012053072452545,0.5
528,twin prime conjecture,Polignac's,0.0,0.13063189387321472,0.5
626,taxation,removing its economic foundation,0.0,0.13085803389549255,0.5
401,Gilded Age,Reconstruction,0.0,0.13120773434638977,0.5
573,not a Scottish minister,may be of interest to a particular area such as a member's own constituency,0.0,0.1315140277147293,0.5
521,Solovay-Strassen tests,Miller-Rabin,0.0,0.13214313983917236,0.5
392,government schools formerly reserved for white children,semi-private,1.0,0.13353335857391357,0.5
730,conservation of mechanical energy,the tension force on a load can be multiplied,0.0,0.13419115543365479,0.5
158,USSR's invasion,Afghanistan,0.0,0.1342582404613495,0.5
122,twice,50% more,0.0,0.1343451291322708,0.5
56,no,Third-party channels,0.0,0.13546034693717957,0.5
488,pattern recognition receptors,cells,0.0,0.13585133850574493,0.5
647,former flooded terraces,peat swamps or small ponds,0.0,0.1370428055524826,0.5
36,varied,natural ecosystem,0.0,0.1378834843635559,0.5
207,water flow through the body cavity,κτείς kteis 'comb' and φέρω pherō 'carry',0.0,0.13816219568252563,0.5
715,behind the foot of the mast,straight down,0.0,0.13868887722492218,0.5
478,western,Yuan dynasty,0.0,0.13870453834533691,0.5
567,blueprint,the Convention,0.0,0.13870686292648315,0.5
252,The network was engineered and operated by MCI Telecommunications under a cooperative agreement with the NSF,National Science Foundation,1.0,0.13955903053283691,0.5
300,Marshall Cohen,President Agnew,0.0,0.13978570699691772,0.5
524,The Electronic Frontier Foundation,"$150,000",0.0,0.14047372341156006,0.5
740,nonconservative forces,internal energies of the system,0.0,0.14048564434051514,0.5
402,Spanish moss,kitchen fire,0.0,0.14159834384918213,0.5
427,low wage,competition,0.0,0.14232055842876434,0.5
731,movable pulleys,every string,0.0,0.14331291615962982,0.5
355,does not infringe the rights of others,don't believe in the legitimacy of any government,0.0,0.1434277892112732,0.5
627,assimilation,Full citizenship rights,0.0,0.14408299326896667,0.5
664,much larger conflict between France and Great Britain,in King George's reign,0.0,0.1445903331041336,0.5
558,increased flooding and sedimentation,Bronze Age agriculture,0.0,0.14497220516204834,0.5
275,patient care rounds drug product selection,interdisciplinary approach,0.0,0.14528532326221466,0.5
645,at the right bank of the Vistula,by the eastern border,0.0,0.14605548977851868,0.5
104,water,organic molecules,0.0,0.1461990475654602,0.5
479,Shoushi Li,授時暦,0.0,0.1464972198009491,0.5
577,automatically devolved,not specifically reserved,0.0,0.14665618538856506,0.5
255,100–106 °F,38–41 °C,2.0,0.14719918370246887,0.5
540,Lake Constance,West by the Alter Rhein,0.0,0.14796537160873413,0.5
443,relatively equal,low,0.0,0.1479838788509369,0.5
365,likelihood of repeating,a lack of remorse,0.0,0.14993798732757568,0.5
212,515 million years,66 million years ago,0.0,0.1499621868133545,0.5
717,Schrödinger,Newtonian equations,0.0,0.15018518269062042,0.5
363,defiant speech,allocution,2.0,0.15131156146526337,0.5
182,in Article 5,the lawfulness of an action depends on whether it was appropriate and necessary to achieve the objectives legitimately pursued,0.0,0.15159016847610474,0.5
559,southern,between the modern Baden and Württemberg,0.0,0.15189263224601746,0.5
325,destructive,use of force and violence and refusal to submit to arrest,0.0,0.1523626446723938,0.5
668,200 Troupes de la marine and 30 Indians,Céloron,0.0,0.15243816375732422,0.5
682,Colonel Monckton,British,0.0,0.15335309505462646,0.5
335,trespassing at a nuclear-missile installation,symbolic illegal protests,0.0,0.1537487506866455,0.5
304,specific,civil disobedience,0.0,0.15381905436515808,0.5
722,conservation of momentum,the currently known fundamental forces,0.0,0.15408983826637268,0.5
340,broadcasting,engaging in the forbidden speech,0.0,0.1548418551683426,0.5
213,515 million years,66 million years,0.0,0.15530265867710114,0.5
293,Henry David Thoreau,Gandhi,0.0,0.15603101253509521,0.5
417,less workers are required,"raises the productivity of each worker,",1.0,0.15711796283721924,0.5
481,Chinese physicians were brought along military campaigns by the Mongols,to other parts of the empire,0.0,0.15781629085540771,0.5
385,religious,the usual academic subjects,0.0,0.15917325019836426,0.5
660,disaster; he was defeated in the Battle of the Monongahela,None succeeded,0.0,0.15923747420310974,0.5
621,inferior,irrational and backward,0.0,0.15954279899597168,0.5
618,uncivilized,fully human,0.0,0.16166651248931885,0.5
642,August 1944,the Red Army was nearing the city,0.0,0.16308405995368958,0.5
500,does not faithfully summarize the full WGI report,understates the uncertainty associated with climate models,0.0,0.16338074207305908,0.5
468,Yuan T. Lee,Glenn T. Seaborg,0.0,0.1642242968082428,0.5
224,Cestum veneris,up to 1.5 meters (4.9 ft) long,0.0,0.16575460135936737,0.5
348,padlocking the gates,"illegal boycotts, refusals to pay taxes, draft dodging, distributed denial-of-service attacks, and sit-ins",0.0,0.16628870368003845,0.5
327,"cultural traditions, social customs, religious beliefs",revolutionary civil disobedience,0.0,0.16660135984420776,0.5
333,propaganda,just a harassment,0.0,0.1678108423948288,0.5
465,Miller–Urey experiment,Chicago Pile-1,0.0,0.16968151926994324,0.5
634,The British spirit of imperialism,Social Darwinism,0.0,0.17297309637069702,0.5
76,tourism,big,0.0,0.1730496883392334,0.5
271,the pre-Heian Imperial court,Taihō Code,0.0,0.1734643131494522,0.5
60,36%,2.4m customers,0.0,0.17403551936149597,0.5
734,pressure terms,matrix diagonals of the tensor),0.0,0.17600566148757935,0.5
234,survivable communications networks,the concept of distributed adaptive message block switching,0.0,0.17630159854888916,0.5
243,as a means to help the state's educational and economic development,to explore computer networking between three of Michigan's public universities,1.0,0.17659631371498108,0.5
154,Price controls,promote oil exploration,0.0,0.1766257882118225,0.5
394,white,African-American,0.0,0.17675571143627167,0.5
455,environmental degradation,this as well,0.0,0.17685052752494812,0.5
292,nonviolent,political poem,0.0,0.17798590660095215,0.5
615,conquering the other state's lands,political and monetary dominance,1.0,0.178166925907135,0.5
579,in the relevant committee or committees,the whole Parliament,0.0,0.17974638938903809,0.5
663,territory east of the Mississippi to Great Britain,France,0.0,0.18039053678512573,0.5
353,use the arrest as an opportunity,civil disobedience,0.0,0.18121203780174255,0.5
554,Merwede-Oude Maas,North Sea,0.0,0.1827426254749298,0.5
227,all other animals,Bilateria,0.0,0.18291127681732178,0.5
460,1910,Several University of Chicago professors,0.0,0.18530529737472534,0.5
164,Lexus,Acura,0.0,0.18553811311721802,0.5
403,voters approved the plan,governments merged to create the Consolidated City of Jacksonville,0.0,0.18555161356925964,0.5
716,kinetic friction,object started with a non-zero velocity,0.0,0.18570788204669952,0.5
177,"by assuming the task of interpreting the treaties, and accelerating economic and political integration",has the ability to expand and develop the law according to the principles it deems to be appropriate,0.0,0.1859668493270874,0.5
610,ownership of private industries,technological superiority,0.0,0.1859969198703766,0.5
174,a majority,a Commission proposal,0.0,0.18742766976356506,0.5
196,explanations are reasonably well supported,by the available data,0.0,0.1879199743270874,0.5
34,regional tourism groups,AAA Auto Clubs,0.0,0.19004014134407043,0.5
707,respective lines of application,their effects on the motion of the body,0.0,0.19073715806007385,0.5
718,quantized,operators,0.0,0.19235628843307495,0.5
326,help preserve society's tolerance of civil disobedience,rebellion is much more destructive,0.0,0.19270867109298706,0.5
714,Galileo,Aristotle's,0.0,0.1935960054397583,0.5
530,the smallest subfield,Q or the finite field with p elements,0.0,0.19509178400039673,0.5
549,Switzerland,Duisburg,0.0,0.19519610702991486,0.5
404,"""Bold New City of the South""",Consolidated City of Jacksonville,1.0,0.195412278175354,0.5
692,on the ground,heavy bodies to fall,0.0,0.196155846118927,0.5
368,use the proceedings as a forum,win an acquittal and avoid imprisonment,0.0,0.1964062750339508,0.5
738,gradient of potentials,macrophysical considerations that yield forces as arising from a macroscopic statistical average of microstates,0.0,0.1967376172542572,0.5
183,member states,the European Convention on Human Rights,0.0,0.19755898416042328,0.5
377,would do more harm than good,it focuses attention on the threat of punishment and not the moral reasons to follow this law,0.0,0.19773466885089874,0.5
541,parallel to the canalized Rhine,into the lake,0.0,0.19775834679603577,0.5
315,"trade unions, banks, and private universities",non-governmental agencies,1.0,0.19788682460784912,0.5
723,the Moon,the mass () and the radius () of the Earth,0.0,0.19819986820220947,0.5
584,any member of the Scottish Government,ministers in departments that are selected for questioning that sitting day,0.0,0.19821269810199738,0.5
205,phylum of animals that live in marine waters,comb jellies,1.0,0.19899852573871613,0.5
111,storage vessels,fire,0.0,0.1994134783744812,0.5
450,evidence,prevent growth,0.0,0.1994389295578003,0.5
590,its supporters,Scholars and observers,0.0,0.1994529664516449,0.5
636,interventionism,.,0.0,0.19983215630054474,0.5
287,the British,communist governments,0.0,0.20047645270824432,0.5
332,until after the end of the Mexican War,months,0.0,0.20280416309833527,0.5
306,citizen's,head of government,0.0,0.20345641672611237,0.5
82,Prussia,Great Elector Frederick William,0.0,0.20454251766204834,0.5
376,incapacitation,achieving crime control,0.0,0.20513343811035156,0.5
725,ballistic trajectory,path between two space-time events,0.0,0.20633220672607422,0.5
248,use of the name was incorrect all these services were managed by the same people within one department of KPN contributed to the confusion,Dutch PTT Telecom,0.0,0.20633327960968018,0.5
308,refuse to enforce a decision,constitutional impasse,0.0,0.20682254433631897,0.5
261,crust,lithosphere,0.0,0.2070915699005127,0.5
170,Following the Nice Treaty,2004,0.0,0.2071291208267212,0.5
644,452.8 ft,115.7 metres,0.0,0.2079828977584839,0.5
691,Choctaw and the Creek,tribes that did not want to do business with the British,0.0,0.21082034707069397,0.5
117,triplet oxygen,O,1.0,0.2113560140132904,0.5
583,legislative programme for the forthcoming year,a statement,0.0,0.21159756183624268,0.5
476,a period of foreign domination,continuation of the Mongol Empire,0.0,0.21175448596477509,0.5
522,primorial primes,Fermat,0.0,0.21177197992801666,0.5
240,"connection-oriented operations. But X.25 does it at the network layer of the OSI Model. Frame Relay does it at level two, the data link layer",a handshake between the communicating parties before any user packets are transmitted,0.0,0.21223215758800507,0.5
180,Treaty provisions,they are ‘directly applicable in all Member States’,0.0,0.21232351660728455,0.5
68,warmest regions,semi-deserts,0.0,0.21273860335350037,0.5
601,Sharia,an idealized and systematized version of conservative tribal village customs,0.0,0.21306678652763367,0.5
359,tempted to enter the test site,protest,0.0,0.21410542726516724,0.5
50,Sky+,PVR,0.0,0.21435530483722687,0.5
97,injector,condensers,0.0,0.2151278406381607,0.5
367,acquittal and avoid imprisonment,to use the proceedings as a forum,0.0,0.21517032384872437,0.5
208,colloblasts,retractable tentacles fringed with tentilla,2.0,0.21599481999874115,0.5
313,elite politicians,individuals,0.0,0.21809208393096924,0.5
211,66 million years ago,515 million years ago,0.0,0.21935886144638062,0.5
418,rising levels of property income,downward pressure on wages,0.0,0.21954546868801117,0.5
655,Polonez,125p,0.0,0.2211020439863205,0.5
516,the sum of divisors function,relationship of the number to its corresponding value of Euler's totient function,0.0,0.22159355878829956,0.5
361,accept jail penitently,is to switch suddenly to a spirit of subservience,0.0,0.22192732989788055,0.5
520,only three divisions,only for those m that are prime,0.0,0.22279660403728485,0.5
391,Society of St Pius X,Catholic schismatic,0.0,0.22379782795906067,0.5
643,Victory Square,1979,0.0,0.22398874163627625,0.5
73,sevenfold,"76,000 to 540,000",1.0,0.224750354886055,0.5
38,Los Angeles Area,major business,0.0,0.2257143259048462,0.5
686,Major General Louis-Joseph de Montcalm,Lord Loudoun,0.0,0.2257871776819229,0.5
276,all health care settings,drug product selection,0.0,0.2259863317012787,0.5
712,spring reaction force,the force of gravity,0.0,0.22610749304294586,0.5
437,period of compression,decrease in wages,0.0,0.227073073387146,0.5
438,gender inequality in education,low economic growth,0.0,0.22757260501384735,0.5
337,social goal,protests toward public policy,1.0,0.2293758988380432,0.5
683,deportation of the French-speaking Acadian population from the area.,captured Fort Beauséjour,0.0,0.2297636866569519,0.5
517,Euler's totient function,sum of divisors function,0.0,0.2302294224500656,0.5
29,music,major record companies,0.0,0.230311781167984,0.5
711,forces,static equilibrium,0.0,0.23057010769844055,0.5
57,Sky Active,Open,0.0,0.23064517974853516,0.5
672,protect the King's land in the Ohio Valley from the British,"he moved south, he drove off or captured British traders",0.0,0.232036292552948,0.5
162,A decade after the 1973,1981,1.0,0.23254230618476868,0.5
194,Amazonas Basin,Andes Mountains,0.0,0.23277497291564941,0.5
247,A user or host could call a host on a foreign network by including the DNIC of the remote network as part of the destination address,the interconnection of national X.25 networks,0.0,0.2347661852836609,0.5
312,Resign,refusal to pay,0.0,0.2348058819770813,0.5
673,Tanaghrisson,the Mingo,0.0,0.23490551114082336,0.5
575,Scottish Government.,Committees,0.0,0.23557691276073456,0.5
708,orthogonal,uniquely determined,0.0,0.23646408319473267,0.5
571,Gaelic,"Scots, Gaelic, or any other language with the agreement of the Presiding Officer",1.0,0.23670101165771484,0.5
289,former King of Thebes,Oedipus,1.0,0.23718175292015076,0.5
469,David Bevington,John Mearsheimer and Robert Pape,0.0,0.23745860159397125,0.5
229,1885,July 1982 to June 1983,0.0,0.2374722957611084,0.5
523,Fermat primes,Mersenne,0.0,0.2374895215034485,0.5
667,"mustered local militia companies, generally ill trained and available only for short periods, to deal with native threats, but did not have any standing forces.",militia support,0.0,0.23763202130794525,0.5
191,moist broadleaf forest,tropical,1.0,0.23801997303962708,0.5
215,diploblastic,ctenophores,0.0,0.23812399804592133,0.5
259,new magma,igneous,0.0,0.23961199820041656,0.5
470,Yuán Cháo,元朝,0.0,0.23979038000106812,0.5
726,global,in space,0.0,0.2401200532913208,0.5
222,"""zip"" the mouth shut",streamlines the front of the animal,0.0,0.24035874009132385,0.5
446,human capital is neglected,a lower level of economic utility in society,0.0,0.24106931686401367,0.5
341,Threatening government officials,forbidden speech,1.0,0.24125008285045624,0.5
373,not being a civil disobedient,conscientious lawbreakers must be punished,0.0,0.24180418252944946,0.5
606,military force,colonization,1.0,0.24182161688804626,0.5
431,steeper tax,social spending,0.0,0.24211756885051727,0.5
173,at least 55 per cent of the Council members (not votes) representing 65 per cent of the population of the EU,"74 per cent, or 260 of the 352 votes",0.0,0.2429833710193634,0.5
163,power steering,air conditioning,0.0,0.24380528926849365,0.5
24,Los Angeles,Riverside,0.0,0.24427805840969086,0.5
448,a great deal of utility,basic necessities,0.0,0.24512897431850433,0.5
611,seaborne,land,0.0,0.24546700716018677,0.5
26,counties,five most populous in the state,0.0,0.24590802192687988,0.5
732,stress tensor,deformations,0.0,0.24603942036628723,0.5
473,south,the western frontier,0.0,0.2477150857448578,0.5
133,major method,increasingly,0.0,0.24778279662132263,0.5
525,n < p < 2n − 2,A or μ,0.0,0.2479856163263321,0.5
374,avoiding attribution,viewed as not being a civil disobedient,0.0,0.2482684850692749,0.5
284,expected to become more integral within the health care system,patient care skills,0.0,0.24829140305519104,0.5
441,less willing to travel or relocate,women not taking jobs due to marriage or pregnancy,0.0,0.24884329736232758,0.5
241,"Frame Relay was used to interconnect LANs across wide area networks. However, X.25 and well as Frame Relay have been supplanted",provide connection-oriented operations,0.0,0.24942362308502197,0.5
425,Competition amongst workers,high demand,0.0,0.24957603216171265,0.5
67,"270,000","121,200",0.0,0.2500142455101013,0.5
651,1775–1795,1696,0.0,0.25002244114875793,0.5
198,data sampling is biased away from the center of the Amazon basin,practical limitations of working in the rainforest,1.0,0.2502042055130005,0.5
739,statistical mechanics,detailed,0.0,0.2506603002548218,0.5
408,2008,Fay,0.0,0.2508860230445862,0.5
608,"""informal"" imperialism",Informal rule,1.0,0.2512059211730957,0.5
641,12th/13th-century nobleman,shortened form of the masculine name of Slavic origin Warcisław,0.0,0.25121548771858215,0.5
538,Austria,Liechtenstein,0.0,0.2516354024410248,0.5
548,Switzerland,Lower Rhine,0.0,0.25325605273246765,0.5
605,Christian Whiton,George W. Bush,0.0,0.2533308267593384,0.5
356,I feel I did the right thing by violating this particular law,proud of it,1.0,0.25511598587036133,0.5
628,800 CE,in late antiquity,0.0,0.2572060227394104,0.5
265,absolute ages,rock units,0.0,0.257310688495636,0.5
272,status superior to all others in health-related fields such as physicians and acupuncturists,Ranked positions,0.0,0.2580561637878418,0.5
622,Orientalism,inferior,0.0,0.2585866451263428,0.5
614,taking physical control of another,a conquest over an area,1.0,0.2589277923107147,0.5
464,Robert Zimmer,Daniel Diermeier,0.0,0.2592036724090576,0.5
124,compressing and cooling,cascade method,0.0,0.2592264413833618,0.5
657,Medical University of Warsaw,National Defence University,0.0,0.260244756937027,0.5
253,merchant ships.,Silk Road,0.0,0.26054275035858154,0.5
220,pump water out of the mesoglea,pump,1.0,0.26061737537384033,0.5
702,magnitude,action-reaction,0.0,0.2618825435638428,0.5
388,vocational,secondary or post-secondary,0.0,0.26207423210144043,0.5
93,water pump,vacuum,0.0,0.2645051181316376,0.5
420,substitute capital equipment,pressure to reduce costs and maximize profits,0.0,0.26527464389801025,0.5
33,Imperial,1999,0.0,0.2663083076477051,0.5
494,protein A,G,0.0,0.26720431447029114,0.5
569,the Parliamentary Bureau,Presiding Officer,0.0,0.26722395420074463,0.5
685,Major General James Abercrombie,Lord Loudoun,0.0,0.26724666357040405,0.5
700,fixed,an equality,0.0,0.26898467540740967,0.5
46,Freeview,ITV Digital,0.0,0.2700713574886322,0.5
118,weight,that increase was the same as the weight of the air that rushed back in,0.0,0.270357608795166,0.5
527,identity,algebraic,0.0,0.270549476146698,0.5
454,emissions per person,this multiplier,0.0,0.27096158266067505,0.5
344,coercive,civil disobedience,0.0,0.2723621428012848,0.5
681,Shirley and Johnson.,British,0.0,0.27239757776260376,0.5
453,residents willing to pay higher market rate for housing,gentrification of older neighbourhoods,1.0,0.2725202441215515,0.5
706,Associating forces with vectors,adding the two force magnitudes or subtracting one from the other,0.0,0.27299198508262634,0.5
428,expendable nature of the worker,(high supply) competing for a job that few require (low demand),0.0,0.2730376124382019,0.5
395,"identify, recruit",Conant devised programs,0.0,0.27331969141960144,0.5
563,Following a referendum in 1997,1998,0.0,0.2742093801498413,0.5
262,second scale shows the most recent eon with an expanded scale,compresses the most recent era,1.0,0.2743867337703705,0.5
264,older than the fault,younger,0.0,0.2757900357246399,0.5
390,60,all,0.0,0.2759288251399994,0.5
462,"Cobb, Shepley, Rutan and Coolidge, Holabird & Roche,",Henry Ives Cobb,1.0,0.27691271901130676,0.5
467,Arthur H. Compton,Robert A. Millikan,0.0,0.2770266532897949,0.5
616,theory of races,Social Darwinism,1.0,0.279720664024353,0.5
321,fabricating evidence or committing perjury,covert lawbreaking,0.0,0.28251832723617554,0.5
378,the state,judges,0.0,0.28269344568252563,0.5
280,"cancer, hepatitis, and rheumatoid arthritis",chronic and complex disease states,1.0,0.2827110290527344,0.5
141,mechanical ventilators,oxygen masks,0.0,0.28276243805885315,0.5
310,sovereign branches of government,public official,1.0,0.28507575392723083,0.5
613,ideological,commercial,0.0,0.28701096773147583,0.5
604,elites,government,1.0,0.287334680557251,0.5
512,composite number,primes,0.0,0.2876437306404114,0.5
316,legal system,foreign,0.0,0.2877645194530487,0.5
345,refusals to pay taxes,civil disobedience,1.0,0.2895362973213196,0.5
136,Hyperbaric (high-pressure) medicine,special oxygen chambers,1.0,0.2897797226905823,0.5
578,UK Government ministers,Westminster,0.0,0.29030081629753113,0.5
495,Korean,onomist,0.0,0.2905741035938263,0.5
146,ten times more,a hundred,0.0,0.29165196418762207,0.5
705,Associating forces with vectors,know both the magnitude and the direction of both forces to calculate the result,0.0,0.2923260033130646,0.5
151,distribution and price disruptions,reduced productivity,0.0,0.29245099425315857,0.5
873,passenger,"extensive, electrified, passenger system",1.0,0.29384374618530273,0.5
236,delivery of these messages by store and forward switching,decentralized network with multiple paths between any two points,0.0,0.29397475719451904,0.5
659,primarily along the frontiers between New France and the British colonies,Virginia in the South to Nova Scotia in the North,0.0,0.2942284047603607,0.5
544,Rheinbrech,Upper Lake,0.0,0.2944392263889313,0.5
543,Rheinbrech,Upper Lake,0.0,0.2944392263889313,0.5
343,limited coercion,civil disobedience,0.0,0.2944527268409729,0.5
298,ambiguity,debased,0.0,0.29498350620269775,0.5
165,"Lincoln Continental,",Cadillac DeVille,0.0,0.2955814003944397,0.5
546,Moselle,Neckar,0.0,0.296208918094635,0.5
218,"a mouth that can usually be closed by muscles; a pharynx (""throat""); a wider area in the center that acts as a stomach; and a system of internal canals.",the gastrodermis,1.0,0.29742512106895447,0.5
484,a Qara-Khitay (Khitan,Ahai,0.0,0.29964902997016907,0.5
633,Middle East,Africa,0.0,0.30035895109176636,0.5
720,parallel,antisymmetric,0.0,0.3013070225715637,0.5
27,15,Riverside,0.0,0.3028425872325897,0.5
451,redistributive taxation,fertility,0.0,0.303090900182724,0.5
564,in which it can make laws,"powers that are ""reserved"" to the Parliament of the United Kingdom",0.0,0.3031255006790161,0.5
474,Yangzi River basin,the Song dynasty,0.0,0.30346596240997314,0.5
273,within the dispensary compounding/dispensing medications,communicating with patients,0.0,0.3035285472869873,0.5
221,more or less rounded,egg-shaped,2.0,0.3052598237991333,0.5
245,"Ethernet attached hosts, and eventually TCP/IP and additional public universities in Michigan join the network",the network was enhanced,1.0,0.30567777156829834,0.5
552,Noord River,Nieuwe Maas,0.0,0.30579450726509094,0.5
534,1st century BC,Roman-era,0.0,0.3058774769306183,0.5
384,Orthodox Christians,Roman Catholic,0.0,0.30601954460144043,0.5
28,counties,Riverside,0.0,0.3063364624977112,0.5
490,adaptive,strong response,0.0,0.3069572448730469,0.5
156,British Prime Minister Edward Heath,British,1.0,0.3085629940032959,0.5
424,unfair,high levels of inequality,1.0,0.30907636880874634,0.5
380,Industrial,heavy civil or heavy engineering,0.0,0.30959591269493103,0.5
53,Thomson,STB,0.0,0.3097308278083801,0.5
91,Reciprocating piston,steam turbines,0.0,0.3109085261821747,0.5
135,Chemical,chemical oxygen generators or oxygen candles,1.0,0.31257861852645874,0.5
347,engage in moral dialogue,get their issue onto the table,1.0,0.3143610954284668,0.5
258,East Smithfield,England,1.0,0.3175038993358612,0.5
307,the head of government would be acting in her or his capacity as public official,"two public agencies, especially two equally sovereign branches of government, conflict",0.0,0.3190044164657593,0.5
405,tallest building in Downtown Jacksonville,"tallest precast, post-tensioned concrete structure",1.0,0.31959912180900574,0.5
149,American aid to Israel,Nixon requested Congress to appropriate $2.2 billion in emergency aid to Israel,1.0,0.32231414318084717,0.5
547,plants and factories,industry,1.0,0.3245290219783783,0.5
421,productivity,organic composition of capital,0.0,0.32471486926078796,0.5
580,Decision Time,After a general debate on the final form of the bill,0.0,0.3264792263507843,0.5
776,time,non-deterministic time,1.0,0.3264923691749573,0.5
110,compounds of oxygen,"peroxides, chlorates, nitrates, perchlorates, and dichromates",1.0,0.32866546511650085,0.5
696,friction,gravity,0.0,0.3310677707195282,0.5
192,Cretaceous–Paleogene extinction event,dinosaurs,0.0,0.3311811089515686,0.5
929,lower-pressure boiler feed water,water,1.0,0.33133822679519653,0.5
47,September 2007,March 2008,0.0,0.3321145474910736,0.5
640,wide variety of industries,"FMCG manufacturing, metal processing, steel and electronic manufacturing and food processing",1.0,0.33363521099090576,0.5
444,greater return of capital,wealth condensation,0.0,0.3338695764541626,0.5
689,Loudoun,Duke of Cumberland,0.0,0.3352147936820984,0.5
286,Egyptians,India,0.0,0.3372626304626465,0.5
728,quantum mechanics,the work of leading theoretical physicists,1.0,0.33931154012680054,0.5
529,indecomposability,minimality,0.0,0.3399009704589844,0.5
25,United States,Los Angeles,1.0,0.3406802713871002,0.5
338,criminalized behavior,forbidden speech,0.0,0.34231942892074585,0.5
383,the project coordinator,the architect or engineer,0.0,0.3425133526325226,0.5
539,Switzerland,Liechtenstein,0.0,0.3429589867591858,0.5
713,gravity,object's weight,0.0,0.34301871061325073,0.5
483,"Besh Baliq, Almaliq, and Samarqand",Bukhara,0.0,0.343209445476532,0.5
607,"""Formal imperialism""",formal,1.0,0.3434564173221588,0.5
475,26 seconds off the modern Gregorian calendar,365.2425 days of the year,0.0,0.34457874298095703,0.5
176,"legislation can be blocked by a majority in Parliament, a minority in the Council, and a majority in the Commission",unanimity,0.0,0.34510672092437744,0.5
200,"40,000",tens of thousands,1.0,0.3466988205909729,0.5
471,Song dynasty,Mongol Empire,0.0,0.3469715416431427,0.5
139,organic compounds,solvents,0.0,0.3500577509403229,0.5
449,higher aggregate utility,population-wide satisfaction and happiness,0.0,0.3513614535331726,0.5
72,government-owned,several private and public railway operators,0.0,0.35159796476364136,0.5
555,tear huge areas of land into the sea.,tidal currents,0.0,0.35175588726997375,0.5
357,Guilt implies wrong-doing,guilty of doing no wrong,0.0,0.3526809513568878,0.5
21,graph isomorphism problem,the discrete logarithm problem,0.0,0.352830171585083,0.5
86,Calvinist,Walloon,0.0,0.35310232639312744,0.5
690,"disappearance of a strong ally and counterweight to British expansion, leading to their ultimate dispossession",elimination of French power,0.0,0.3536939024925232,0.5
358,creative plea,no contest,0.0,0.3544197380542755,0.5
445,larger fortunes,wealth condensation,0.0,0.3584131896495819,0.5
226,Vendobionta,ctenophores,0.0,0.3585157096385956,0.5
331,jail solidarity,solitary civil disobedience,0.0,0.3598215579986572,0.5
458,several regional colleges and universities,"Des Moines College, Kalamazoo College, Butler University, and Stetson University",0.0,0.3605731725692749,0.5
178,the Court of Justice,The Italian Constitutional Court,0.0,0.3645310699939728,0.5
42,NFL,Professional,0.0,0.3648402988910675,0.5
22,modern cryptographic systems,RSA algorithm,1.0,0.3657781183719635,0.5
324,violence,non-violent,0.0,0.36652326583862305,0.5
143,members of the Organization of Arab Petroleum Exporting Countries,OAPEC,2.0,0.3687123656272888,0.5
501,"fuel consumption, industrial production and so on",Greenhouse Gas Inventories,1.0,0.36900246143341064,0.5
677,"with Tanaghrisson and his party, surprised the Canadians on May 28 in what became known as the Battle of Jumonville Glen",killed many of the Canadians,0.0,0.37054434418678284,0.5
412,Institute for Policy Studies,PolitiFact,1.0,0.3722020387649536,0.5
661,expulsion of the Acadians,deportation,0.0,0.3727254867553711,0.5
694,impetus,gravity,0.0,0.37414589524269104,0.5
599,Algeria,Afghanistan,0.0,0.3746754825115204,0.5
513,the statistical behaviour,distribution,0.0,0.3753897249698639,0.5
477,"Tang, Song, as well as Khitan Liao and Jurchen Jin dynasties",native Chinese dynasties,1.0,0.37678074836730957,0.5
169,international law,case law by the Court of Justice,0.0,0.37813401222229004,0.5
435,savings and investment,"education,",0.0,0.37819385528564453,0.5
416,reduce costs and maximize profits,substitution of capital equipment for labor,0.0,0.37844303250312805,0.5
414,marginal value added of each economic actor,differences in value,0.0,0.3813213109970093,0.5
919,acted increasingly aggressively to force the Huguenots to convert,aggressively,1.0,0.3829461336135864,0.5
637,"""internal colonialism""",internal,0.0,0.38339564204216003,0.5
648,plain Vistula terraces,highest terrace,0.0,0.38349390029907227,0.5
900,a High Sheriff and one of the founders of the Bank of Ireland,High Sheriff,1.0,0.38379496335983276,0.5
90,steam turbines,internal combustion engines,0.0,0.3855637311935425,0.5
612,political focus,ideological,0.0,0.39129677414894104,0.5
865,2009,the 2009 southeastern Australia heat wave,1.0,0.3914962112903595,0.5
330,refuse to sign bail,jail solidarity,0.0,0.394028902053833,0.5
598,al-Gama'a al-Islamiyya,Islamic Group,1.0,0.3948831558227539,0.5
232,Davies is credited with coining the modern name packet switching and inspiring numerous packet switching networks in Europe,Donald Davies,1.0,0.3956267237663269,0.5
350,not to grant a consent search,not to talk to police officers,0.0,0.39685508608818054,0.5
244,an interactive host to host connection was made between the IBM mainframe computer systems at the University of Michigan in Ann Arbor and Wayne State,the CDC mainframe at Michigan State University in East Lansing,1.0,0.3968641757965088,0.5
32,the Missouri Compromise,the Compromise of 1850,1.0,0.397628515958786,0.5
257,Y. p. orientalis and Y. p. medievalis,Y. pestis,1.0,0.39830803871154785,0.5
496,World Meteorological Organization,WMO,2.0,0.3996152877807617,0.5
45,£1.3bn,£4.2bn,0.0,0.40109914541244507,0.5
787,complexity class P,P,2.0,0.40125638246536255,0.5
709,static friction,applied force,0.0,0.4030078053474426,0.5
328,disobedience of laws,Non-revolutionary civil disobedience,1.0,0.4043880105018616,0.5
399,Timucua,Mocama,0.0,0.4051380157470703,0.5
372,breaking the law for self-gratification,it would undermine the law by encouraging general disobedience,0.0,0.4052298963069916,0.5
452,reduction,halve poverty,0.0,0.4082973003387451,0.5
204,to help strengthen their territorial claims,map out their ancestral lands,0.0,0.4101541340351105,0.5
30,southern,the desert,0.0,0.41034215688705444,0.5
566,majority,40%,0.0,0.4105941653251648,0.5
102,dioxygen,diatomic gas,1.0,0.4130174517631531,0.5
556,Mesozoic Era,Triassic Period,0.0,0.41604524850845337,0.5
266,anticlines and synclines,overturned anticline,1.0,0.4169003367424011,0.5
398,Benjamin Netanyahu,Benazir Bhutto,0.0,0.4189470112323761,0.5
518,only the single number 1,eliminate all multiples of 1,0.0,0.4225636124610901,0.5
0,Seine,Epte,0.0,0.42302757501602173,0.5
98,stoking,Mechanical stoker,1.0,0.42492491006851196,0.5
123,world's oceans,"in the Earth's biosphere, air, sea and land",0.0,0.4254662096500397,0.5
609,informal,Informal rule is generally less costly,1.0,0.4280252158641815,0.5
802,P is not equal to NP,not equal,1.0,0.42853009700775146,0.5
770,A deterministic Turing machine,deterministic,1.0,0.4287717938423157,0.5
354,legitimacy of a particular law,laws,1.0,0.4302455186843872,0.5
152,Germany,Italy,0.0,0.43057823181152344,0.5
119,ozone,Trioxygen,2.0,0.4322359561920166,0.5
406,28,42,0.0,0.4327399730682373,0.5
653,city,Demographically,0.0,0.43415284156799316,0.5
941,reciprocating steam engines,reciprocating,1.0,0.43634361028671265,0.5
724,"Newton's Universal Gravitation Constant,",dimensional constant,0.0,0.43817368149757385,0.5
456,"5,000","around 15,000",0.0,0.43843546509742737,0.5
650,1688–1692,1677–1683,0.0,0.4389582574367523,0.5
510,other scientific bodies,scientific papers and independently documented results,1.0,0.43961355090141296,0.5
1,Norman mercenary,an Italo-Norman named Raoul,1.0,0.43965011835098267,0.5
387,0.5,6.1,0.0,0.4402221441268921,0.5
142,first oil shock,shock,1.0,0.4405044913291931,0.5
105,photosynthesis,living organisms,0.0,0.4412009119987488,0.5
782,deterministic sorting algorithm quicksort,quicksort,2.0,0.4414304494857788,0.5
557,Ice Ages,geological period,1.0,0.4414890706539154,0.5
423,prices,function of market price of skill,0.0,0.44190216064453125,0.5
238,"use of a decentralized network with multiple paths between any two points, dividing user messages into message blocks, later called packets","large-scale, distributed, survivable communications network",1.0,0.4467008113861084,0.5
217,comb-bearing,"""comb"" and the Greek suffix -φορος meaning ""carrying""",2.0,0.44692909717559814,0.5
933,first,first century AD,1.0,0.4476567506790161,0.5
290,Oedipus,Antigone,0.0,0.4487137496471405,0.5
419,reduce costs and maximize profits,raises the productivity of each worker,1.0,0.4490356743335724,0.5
905,in protest against the occupation of Prussia by Napoleon,in protest,1.0,0.45247048139572144,0.5
233,circuit switching is characterized by a fee per unit of connection time,a method which pre-allocates dedicated network bandwidth specifically for each communication session,0.0,0.45736953616142273,0.5
699,General relativity,coherent theory of quantum gravity,0.0,0.45977380871772766,0.5
282,in obtaining cost-effective medication and avoiding the unnecessary use of medication that may have side-effects,"the physician has a financial self-interest in ""diagnosing"" as many conditions as possible",0.0,0.4604029059410095,0.5
533,Netherlands,Germany,0.0,0.4618900418281555,0.5
666,few British troops,not have any standing forces,0.0,0.4627007246017456,0.5
771,A probabilistic Turing machine,probabilistic,1.0,0.4629509747028351,0.5
309,head of government,public official,1.0,0.46398094296455383,0.5
832,business,major business districts,1.0,0.46414509415626526,0.5
71,October 2016,2013,0.0,0.4647738039493561,0.5
254,That the plague was caused by bad air,great pestilence in the air,1.0,0.46663206815719604,0.5
100,liquid,gaseous,0.0,0.46672797203063965,0.5
774,the machines operate deterministically,deterministically,1.0,0.4704359471797943,0.5
2,1018,1064,0.0,0.47176623344421387,0.5
92,turbine,electric motors,0.0,0.4720921516418457,0.5
214,cnidarians,Ctenophores,1.0,0.4727778136730194,0.5
145,After 1971,1973–1974,1.0,0.47420555353164673,0.5
89,increase in the land available for cultivation,farm tractors,0.0,0.47929832339286804,0.5
319,(Exodus 1: 15-19),Book of Exodus,1.0,0.48435792326927185,0.5
542,Lake Rhine,Seerhein,2.0,0.4854399561882019,0.5
58,Video On Demand,(HDTV),0.0,0.48582348227500916,0.5
498,available information about climate change based on published sources,peer-reviewed sources,0.0,0.4858899712562561,0.5
764,a single output,single,1.0,0.48958247900009155,0.5
623,blank spaces on contemporary maps,maps,1.0,0.4902481436729431,0.5
912,Irish linen industry,linen,1.0,0.49083831906318665,0.5
880,representatives,representatives elected to either house of parliament,1.0,0.49346688389778137,0.5
223,large pharynx,large cilia,0.0,0.4947029948234558,0.5
318,civil disobedience,lawbreaking,1.0,0.49730926752090454,0.5
506,Ten,14,0.0,0.49933063983917236,0.5
505,14,Ten,0.0,0.49933063983917236,0.5
572,votes,outcome,0.0,0.5001831650733948,0.5
545,Lindau,Mainau,0.0,0.5029944181442261,0.5
263,younger than the fault,younger,1.0,0.5037850141525269,0.5
737,centripetal,unbalanced centripetal force,1.0,0.5071896314620972,0.5
230,"8,525","62,528",0.0,0.5076561570167542,0.5
7,concrete,abstract,0.0,0.5078219175338745,0.5
197,the Last Glacial Maximum (LGM) and subsequent deglaciation,rainfall in the basin during the LGM was lower than for the present,0.0,0.508452832698822,0.5
537,"Rhine-kilometers""",kilometres,1.0,0.5087727904319763,0.5
703,standard measurement scale,precise operational definitions,0.0,0.5096134543418884,0.5
70,major car brands,car,1.0,0.511971652507782,0.5
351,suspect's talking to criminal investigators,responding to investigators' questions,1.0,0.5127239227294922,0.5
41,Port of San Diego,Port of Long Beach,0.0,0.5136827230453491,0.5
719,antiparallel,antisymmetric,0.0,0.513752818107605,0.5
568,Scottish Parliament Building,Edinburgh,0.0,0.5258982181549072,0.5
652,Pole Mokotowskie,Mokotów,1.0,0.5310677289962769,0.5
436,gender inequality in education,education,1.0,0.5415893793106079,0.5
741,kilogram-force,pound-force,1.0,0.5418384075164795,0.5
710,applied,applied force,0.0,0.5432232618331909,0.5
908,"""Apologie""","Apologie"" of William the Silent",1.0,0.5459622144699097,0.5
503,"Jones et al. 1998, Pollack, Huang & Shen 1998, Crowley & Lowery 2000 and Briffa 2000",Jones et al. and Briffa reconstructions,1.0,0.5465237498283386,0.5
879,most seats,the most seats in the Legislative Assembly,1.0,0.5469455718994141,0.5
426,low demand,high supply,0.0,0.5479670166969299,0.5
434,optional education,education,1.0,0.5507045984268188,0.5
561,1935,1930,0.0,0.5571914315223694,0.5
415,value added by different classifications of workers,"value added by labor, capital and land",1.0,0.5615529417991638,0.5
3,Isaac Komnenos,Isaac,1.0,0.5643110275268555,0.5
785,single-tape Turing machines,single-tape,1.0,0.5687781572341919,0.5
697,Newton's First,first law,1.0,0.5699639320373535,0.5
181,"a citizen or company can invoke a Directive, not just in a dispute with a public authority, but in a dispute with another citizen or company","a citizen may rely on the Directive in such an action (so called ""vertical"" direct effect)",1.0,0.573687732219696,0.5
497,United Nations Environment Programme,UNEP,2.0,0.5745514035224915,0.5
733,pressure terms,stress tensor,0.0,0.5752233266830444,0.5
206,‘combs’ – groups of cilia,cilia,1.0,0.5757176876068115,0.5
334,illegal acts,symbolic illegal protests,1.0,0.5761456489562988,0.5
854,essentials,"only ""essentials""",1.0,0.5773360133171082,0.5
649,Masovian gothic,Gothic architecture,1.0,0.5776784420013428,0.5
656,Chevrolet Aveo,Aveo,1.0,0.5778960585594177,0.5
314,The individual,individuals,2.0,0.5810683965682983,0.5
535,Gaulish name Rēnos,Rhenus,2.0,0.5817244052886963,0.5
168,European Parliament and the Council of the European Union,the Treaties establishing the European Union,0.0,0.5838679671287537,0.5
746,Seljuk Turks,"the Pechenegs, the Bulgars, and especially the Seljuk Turks",1.0,0.5866422057151794,0.5
413,"differences in value added by labor, capital and land",differences in value added by different classifications of workers,1.0,0.5906699299812317,0.5
339,pure speech,forbidden speech,0.0,0.5924772620201111,0.5
772,A non-deterministic Turing machine,non-deterministic,1.0,0.5933051109313965,0.5
125,climate,temperatures,0.0,0.5964871644973755,0.5
242,User Datagram Protocol,the datagram model,0.0,0.5966176986694336,0.5
186,Jean-Marc Bosman,the Belgian Football Association v Bosman,1.0,0.59669429063797,0.5
99,electrical generator,a turbo generator set with propulsion provided by electric motors,2.0,0.5969418883323669,0.5
249,The Computer Science Network,a computer network funded by the U.S. National Science Foundation (NSF),1.0,0.5977858304977417,0.5
375,competing harms defense,necessity defense,1.0,0.5988601446151733,0.5
765,A function problem,function,1.0,0.6001387238502502,0.5
736,rotational equivalent for position,rotation,1.0,0.6081159710884094,0.5
509,regional burden sharing conflicts,varying regional cost-benefit analysis and burden-sharing conflicts with regard to the distribution of emission reductions,1.0,0.6087393164634705,0.5
551,Duisport,Duisburg,2.0,0.6095007658004761,0.5
582,MSPs,leaders of the opposition parties and other MSPs,1.0,0.6102262735366821,0.5
893,their own militia,the Huguenots had their own militia,1.0,0.6115288734436035,0.5
840,substantially increased the asking price,that BSkyB had substantially increased the asking price for the channels,1.0,0.6131139993667603,0.5
814,demographics and economic ties,economic,1.0,0.6135061979293823,0.5
821,free,a free state,1.0,0.6160750389099121,0.5
87,1530,1523,0.0,0.6174499988555908,0.5
74,Premier,Premier of Victoria,1.0,0.617796003818512,0.5
936,electric,electric heating element,1.0,0.6187703609466553,0.5
658,festivals,events,0.0,0.6229837536811829,0.5
819,beaches,for its popular beaches,1.0,0.6230546832084656,0.5
389,National School,National Type,0.0,0.6237790584564209,0.5
277,creating a comprehensive drug therapy plan for patient-specific problems,identifying goals of therapy,1.0,0.6239813566207886,0.5
781,time,time complexity,1.0,0.6242532730102539,0.5
693,unnatural,natural motion,0.0,0.6246156692504883,0.5
17,upper bound,upper and lower bounds,1.0,0.6247723698616028,0.5
504,18 July 2000,May 2000,0.0,0.6288352012634277,0.5
856,no,no indication,1.0,0.6296578049659729,0.5
69,2009,7 February 2009,1.0,0.6304848194122314,0.5
885,Amboise plot,Amboise,1.0,0.6325861215591431,0.5
20,NP,P,1.0,0.6375851631164551,0.5
532,Europe,Germany,0.0,0.6377252340316772,0.5
54,free-to-view,free-to-air,1.0,0.6389004588127136,0.5
680,Washington and Thomas Gage,George Washington,1.0,0.6399811506271362,0.5
429,top tax rate,progressive tax,0.0,0.6411492228507996,0.5
727,Maxwell,James Clerk Maxwell,2.0,0.6415772438049316,0.5
937,port,additional port,1.0,0.6419399976730347,0.5
801,suspected to be unequal,unequal,1.0,0.6434152126312256,0.5
270,health care professional,pharmacy health care,1.0,0.6447721719741821,0.5
381,ENR,Engineering News-Record (ENR),2.0,0.6501399278640747,0.5
922,Huguenots furnished two new regiments,two new regiments,1.0,0.650273859500885,0.5
920,"John Pell, Lord of Pelham Manor",John Pell,2.0,0.6506475210189819,0.5
930,three,three or four,1.0,0.6518702507019043,0.5
51,BSkyB,British Sky Broadcasting,2.0,0.6533950567245483,0.5
491,cytotoxic or immunosuppressive drugs,Cytotoxic drugs,1.0,0.6548293828964233,0.5
833,business,business districts,1.0,0.6555831432342529,0.5
790,Karp reductions and Levin reductions,"Cook reductions, Karp reductions",1.0,0.6569349765777588,0.5
932,lengthening rubbing surfaces of the valve,lengthening rubbing surfaces,1.0,0.6651907563209534,0.5
831,business,major business,1.0,0.6664767265319824,0.5
134,oxygen and hydrogen,Oxygen gas,1.0,0.6676637530326843,0.5
928,Wales,south Wales,1.0,0.6677762269973755,0.5
108,Philo of Byzantium,Philo,1.0,0.6697150468826294,0.5
66,Labor,Australian Labor Party,1.0,0.6721486449241638,0.5
209,sequential,simultaneous,0.0,0.6757146120071411,0.5
12,the instance,the size of the instance,1.0,0.6792871356010437,0.5
203,10% of the carbon stores,10%,1.0,0.6878475546836853,0.5
407,mild,mild and sunny.,1.0,0.6903566718101501,0.5
160,Japanese imports,Japanese,1.0,0.6928590536117554,0.5
576,Scottish Parliament,Parliament,1.0,0.6946301460266113,0.5
18,the bound on the complexity of reductions,types of reductions,1.0,0.6953393220901489,0.5
917,double or triple non-French linguistic origins,non-French linguistic origins,1.0,0.6961367130279541,0.5
103,high-altitude ozone layer,ozone,1.0,0.6970816254615784,0.5
64,National Party,Nationals,1.0,0.6975024938583374,0.5
806,Presburger arithmetic,Presburger,1.0,0.7004760503768921,0.5
631,The British Empire,The British,1.0,0.7014511823654175,0.5
269,regulates the practice of pharmacists and pharmacy technicians,governing body for pharmacy health care professionals,1.0,0.7037794589996338,0.5
84,1562,1564,0.0,0.7055824398994446,0.5
794,Turing machines,deterministic Turing machines,1.0,0.7058678269386292,0.5
129,satellite platform,satellites,2.0,0.7066099643707275,0.5
862,National Party,National Party of Australia,1.0,0.7069269418716431,0.5
701,Newton's Third,The third law,1.0,0.7104904055595398,0.5
16,lower bounds,lower,1.0,0.7123061418533325,0.5
49,January 2010,February 2011,0.0,0.7142060995101929,0.5
823,southern,southern California,1.0,0.7151722311973572,0.5
890,the British Landgrave Edmund Bellinger,Edmund Bellinger,2.0,0.7192833423614502,0.5
39,Riverside,Downtown Riverside,1.0,0.7199459075927734,0.5
891,Pons,Pons in France,1.0,0.7201470136642456,0.5
63,Liberal Party,Liberals,1.0,0.7203707695007324,0.5
911,flax cultivation,flax,1.0,0.7244729995727539,0.5
878,760 mm,760 mm (2 ft 6 in) narrow gauge lines,1.0,0.7254521250724792,0.5
881,sports,sports tourism,1.0,0.7274377942085266,0.5
760,round trip through all sites in Milan,asking for a round trip through all sites in Milan whose total length is at most 10 km,1.0,0.7282834053039551,0.5
750,Deabolis,the river Deabolis,1.0,0.7283285856246948,0.5
439,unions,union membership,1.0,0.7289965152740479,0.5
934,late,late part,1.0,0.7308595180511475,0.5
624,nineteenth-century cartographic techniques,nineteenth-century maps,2.0,0.7326672077178955,0.5
839,VideoGuard,VideoGuard pay-TV,1.0,0.7327717542648315,0.5
827,Peninsular,Peninsular Ranges,1.0,0.733523428440094,0.5
744,Catholic,Catholic orthodoxy,1.0,0.7336534857749939,0.5
487,"blood–brain barrier, blood–cerebrospinal fluid barrier",fluid–brain barriers,2.0,0.7338681221008301,0.5
857,basic channels,the carriage of their respective basic channels,1.0,0.7342593669891357,0.5
514,prime ideals,prime elements,0.0,0.7353872060775757,0.5
138,oxygen supplementation,Oxygen therapy,2.0,0.7373335361480713,0.5
916,"little Hugos, or those who want Hugo",little Hugos,1.0,0.7378982305526733,0.5
868,curriculum,curriculum standards,2.0,0.7387247681617737,0.5
19,if every problem in C can be reduced to X,problem in C is harder than X,0.0,0.7405028939247131,0.5
274,pharmacists practicing in hospitals,clinical pharmacists,2.0,0.7421435117721558,0.5
843,share recordings,to share recordings and other media,1.0,0.7422839403152466,0.5
826,Mediterranean,a Mediterranean climate,1.0,0.7466819286346436,0.5
895,"""Huguenot Street Historic District"" in New Paltz",Huguenot Street Historic District,1.0,0.7470365762710571,0.5
835,Southern,Southern California,1.0,0.747328519821167,0.5
791,polynomial-time reduction,polynomial-time,1.0,0.7473481297492981,0.5
44,Sky plc,British Sky Broadcasting Group plc,2.0,0.7473927140235901,0.5
812,10 counties,10,1.0,0.7495402693748474,0.5
844,2016,later in 2016,1.0,0.7505000829696655,0.5
433,access to education,Education,1.0,0.7508819103240967,0.5
876,"1,600 mm","1,600 mm (5 ft 3 in) broad gauge",1.0,0.7520220279693604,0.5
811,time and space,definitions of time and space complexity,1.0,0.7536633014678955,0.5
432,the Gini index,Gini,2.0,0.7554922699928284,0.5
745,Viking,"Norseman, Viking",1.0,0.7556645274162292,0.5
126,oxygen-18,oxygen-16,0.0,0.7567450404167175,0.5
81,surnames,names,1.0,0.7568175792694092,0.5
866,state or government,state or government schools,1.0,0.7598007321357727,0.5
935,several hundred,several hundred horsepower,1.0,0.761376678943634,0.5
323,civil rebellion,rebellion,1.0,0.7645164728164673,0.5
231,99,State Route 99,1.0,0.7655721306800842,0.5
763,arbitrary graph,arbitrary,1.0,0.7671263217926025,0.5
783,the computational model,specific details of the computational model used,2.0,0.7696022987365723,0.5
587,a number of qualifications,qualifications,2.0,0.7712004780769348,0.5
179,article 30,TFEU article 30,1.0,0.771278977394104,0.5
422,workers wages,wages,2.0,0.7716720104217529,0.5
931,quadruple expansion engines,quadruple,1.0,0.7740842700004578,0.5
777,state transitions,"the total number of state transitions, or steps",1.0,0.7755905985832214,0.5
768,Cobham's thesis,Cobham's,1.0,0.7761605978012085,0.5
927,Abercynon,Abercynon in south Wales,2.0,0.7798302173614502,0.5
804,exponential-time algorithms,exponential-time,1.0,0.7803338766098022,0.5
909,the doctrine of transubstantiation,doctrine of transubstantiation during Mass,1.0,0.7814109325408936,0.5
171,the Commission,The European Commission,1.0,0.7820451259613037,0.5
430,tax system,progressive tax system,1.0,0.7822669744491577,0.5
638,During the 16th and 17th centuries,17th century,1.0,0.7829660177230835,0.5
798,second level,second,1.0,0.7833880186080933,0.5
907,12 May 1705,1705,1.0,0.7855132222175598,0.5
43,Chivas USA,Chivas,2.0,0.7864738702774048,0.5
761,binary alphabet,binary,1.0,0.7867181301116943,0.5
120,UV,ultraviolet,2.0,0.7877116799354553,0.5
859,Buckland Valley,Buckland Valley near Bright,2.0,0.787803590297699,0.5
918,Jean Cauvin (John Calvin),Jean Cauvin,2.0,0.7884398102760315,0.5
8,instances,the instance,2.0,0.7895278930664062,0.5
797,polynomial time hierarchy,polynomial time,1.0,0.7962080836296082,0.5
830,Puente Hills,the Puente Hills Fault,1.0,0.7972205281257629,0.5
858,diversified,highly diversified,1.0,0.7972425222396851,0.5
754,William II,Duke William II,2.0,0.7976406812667847,0.5
762,adjacency matrices,directly via their adjacency matrices,2.0,0.8012793660163879,0.5
296,doctrine of Satyagraha,Satyagraha,1.0,0.801898181438446,0.5
888,at the Cape of Good Hope,Cape of Good Hope,2.0,0.8027035593986511,0.5
767,an increase in the input size,input size,1.0,0.8053721785545349,0.5
925,Rankine,Rankine cycle,1.0,0.809550404548645,0.5
188,shipping toxic waste,toxic waste,1.0,0.8102617859840393,0.5
769,polynomial time algorithm,polynomial time,1.0,0.8126423954963684,0.5
780,complexity measure,complexity,1.0,0.8155623078346252,0.5
759,determine the practical limits on what computers can and cannot do,what computers can and cannot do,2.0,0.8190674781799316,0.5
447,among states in the US with larger income inequalities,countries with bigger income inequalities,1.0,0.8205916285514832,0.5
101,oxides,oxide compounds,1.0,0.8208006024360657,0.5
906,the Catholic Church in the region,Catholic Church,1.0,0.821165919303894,0.5
792,polynomial time,polynomial,1.0,0.8212277889251709,0.5
889,"Charleston, South Carolina",Charleston,1.0,0.8220678567886353,0.5
904,"Charleston, South Carolina",Charleston,1.0,0.8220678567886353,0.5
52,DVB-S2,DVB-compliant MPEG-2,0.0,0.8225463628768921,0.5
805,NP-complete problems,NP-complete,2.0,0.8227547407150269,0.5
829,San Andreas,the San Andreas Fault,1.0,0.8242021203041077,0.5
877,"1,435 mm","1,435 mm (4 ft 8 1⁄2 in) standard gauge",1.0,0.8270649909973145,0.5
175,qualified majority,a majority,2.0,0.8273261189460754,0.5
825,Orange,Orange Counties,1.0,0.8275730609893799,0.5
837,an official school sport,an official school,1.0,0.8294779062271118,0.5
127,lower global temperatures,lower temperatures,2.0,0.830136239528656,0.5
849,1991,autumn of 1991,1.0,0.831133246421814,0.5
786,Cobham-Edmonds thesis,Cobham-Edmonds,1.0,0.8340912461280823,0.5
898,the revocation of the Edict of Nantes,Edict of Nantes,1.0,0.834349513053894,0.5
65,The Greens,Australian Greens,1.0,0.8354678750038147,0.5
902,the founding of new Protestant churches,founding of new Protestant churches in Catholic-controlled regions,1.0,0.8363409042358398,0.5
903,wine industry,wine,1.0,0.8363436460494995,0.5
775,unusual resources,more unusual resources,2.0,0.8371004462242126,0.5
565,Parliament of the United Kingdom,The British Parliament,2.0,0.8373710513114929,0.5
813,economic center,major economic center,2.0,0.8373976945877075,0.5
11,set of triples,triple,1.0,0.8397619128227234,0.5
778,computational resource,computational,1.0,0.8404644131660461,0.5
106,nitroaereus,spiritus nitroaereus,1.0,0.8421741724014282,0.5
899,"Kent, particularly Sandwich, Faversham and Maidstone","Sandwich, Faversham and Maidstone",1.0,0.8438518047332764,0.5
784,linear time,linear,1.0,0.844520092010498,0.5
923,Federal Minister of the Interior,Minister of the Interior,2.0,0.8456091284751892,0.5
112,Earth's crustal rock,Earth's crust,2.0,0.8457396030426025,0.5
940,cylinder volume,cylinder,1.0,0.846250057220459,0.5
910,Williamite war,Williamite,1.0,0.8471804857254028,0.5
915,they were accepted and allowed to worship freely,allowed to worship freely,1.0,0.8477653861045837,0.5
121,seawater,sea water,2.0,0.8485066890716553,0.5
184,the Charter of Fundamental Rights of the European Union,the Charter of Fundamental Rights of the European Union of 7,2.0,0.849105179309845,0.5
924,solar,solar power,1.0,0.8510974049568176,0.5
824,international metropolitan,an international metropolitan region,1.0,0.8512905836105347,0.5
861,Liberal Party,Liberal Party of Australia,1.0,0.8518852591514587,0.5
756,King Malcolm III of Scotland,King Malcolm III,2.0,0.8521407842636108,0.5
855,Sky TV bills,"claimants' ""Sky TV bills",1.0,0.8531115651130676,0.5
872,freight services,freight,1.0,0.8538594245910645,0.5
758,inherent difficulty,their inherent difficulty,2.0,0.8550105094909668,0.5
800,The integer factorization problem,integer factorization,2.0,0.8565219640731812,0.5
773,time and memory,time and memory consumption,1.0,0.8579039573669434,0.5
260,the convecting mantle,convection of the mantle,2.0,0.8610936403274536,0.5
766,the integer factorization problem,integer factorization,2.0,0.8616785407066345,0.5
803,complexity classes,many complexity classes,1.0,0.8622573018074036,0.5
15,Complexity measures,complexity measures,2.0,0.8646228313446045,0.5
14,Complexity measures,complexity measures,2.0,0.8646228313446045,0.5
5,computational problems,A computational problem,2.0,0.8684110045433044,0.5
807,NP-complete knapsack problem,NP-complete knapsack,2.0,0.8712831735610962,0.5
810,foundations were laid out,numerous foundations were laid out,1.0,0.871618390083313,0.5
796,The graph isomorphism problem,graph isomorphism,2.0,0.8730327486991882,0.5
882,regional cities,in regional cities,2.0,0.8732408881187439,0.5
914,Count Ludwig von Nassau-Saarbrücken,Ludwig von Nassau-Saarbrücken,2.0,0.8734272718429565,0.5
867,some extra costs,some extra costs are levied,2.0,0.874110758304596,0.5
743,10th century,the first half of the 10th century,1.0,0.8769941329956055,0.5
159,January 1979,1979,1.0,0.8784887194633484,0.5
695,Galileo,Galileo Galilei,2.0,0.8799965381622314,0.5
795,more efficient solutions,shown to have more efficient solutions,2.0,0.8818662166595459,0.5
107,Joseph Priestley,Priestley,2.0,0.8824477791786194,0.5
822,three-region,the three-region point of view,1.0,0.8850204944610596,0.5
161,Japan,Japanese,1.0,0.88625568151474,0.5
901,granted the Protestants equality with Catholics,granted the Protestants equality,1.0,0.8884828090667725,0.5
779,"best, worst and average","best, worst and average case",2.0,0.8889080286026001,0.5
747,1050s,in the 1050s,2.0,0.8930575251579285,0.5
820,open spaces,nearby open spaces,1.0,0.8945056200027466,0.5
360,arrested,arrest,2.0,0.898115873336792,0.5
216,"sponges and cnidarians, ctenophores",cnidarians and ctenophores,1.0,0.8982677459716797,0.5
926,1712,around 1712,1.0,0.8990064859390259,0.5
892,William III of Orange,Stadtholder William III of Orange,2.0,0.9000113010406494,0.5
894,one million,Approximately one million,1.0,0.900094747543335,0.5
834,Orange,Orange County,1.0,0.9004279971122742,0.5
749,1082,February 1082,1.0,0.902072012424469,0.5
860,"over 1,000","1,000",1.0,0.9031370282173157,0.5
10,decision problems,as decision problems,2.0,0.9039085507392883,0.5
853,36%,36% of households,1.0,0.904583215713501,0.5
816,12 million,over 12 million inhabitants,1.0,0.9065753817558289,0.5
875,two-thirds,nearly two-thirds,1.0,0.9080288410186768,0.5
913,Prince Louis de Condé,Louis de Condé,2.0,0.908416211605072,0.5
789,quantitative statements,quantitative,2.0,0.9098206758499146,0.5
886,availability of the Bible in vernacular languages,the Bible in vernacular languages,1.0,0.9114468097686768,0.5
553,Old Rhine,Oude Rijn,2.0,0.9132239818572998,0.5
850,"100,000","over 100,000",1.0,0.9140328168869019,0.5
752,King Ethelred II,Ethelred II,2.0,0.9153198599815369,0.5
848,March,in March,2.0,0.9165637493133545,0.5
938,565,565 °C,1.0,0.9167181253433228,0.5
897,ca. 2 million,2 million,1.0,0.9182324409484863,0.5
799,Laszlo Babai and Eugene Luks,Babai and Eugene Luks,2.0,0.9183931946754456,0.5
896,"an estimated total of 75,000 to 100,000 people","75,000 to 100,000",1.0,0.9188741445541382,0.5
131,magnetic field,magnetic,2.0,0.9189586639404297,0.5
755,1066,In 1066,2.0,0.9211686849594116,0.5
852,25m,25m people,1.0,0.9225567579269409,0.5
871,"2,000 m","almost 2,000 m",1.0,0.9237728118896484,0.5
809,NP-complete Boolean satisfiability problem,NP-complete Boolean satisfiability,2.0,0.9285573959350586,0.5
788,a proper hierarchy on the classes defined,a proper hierarchy on the classes,2.0,0.929168701171875,0.5
463,a board of trustees,The Board of Trustees,2.0,0.9293217658996582,0.5
817,San Diego,the San Diego area,2.0,0.9311675429344177,0.5
845,2016,in 2016,2.0,0.9312121868133545,0.5
815,Southern California Megaregion,the greater Southern California Megaregion,2.0,0.9318363666534424,0.5
322,non-violence,non-violent,2.0,0.9328868389129639,0.5
887,Around 1294,1294,1.0,0.9334344863891602,0.5
486,Southern,southern,2.0,0.9340220093727112,0.5
6,the problem,a problem,2.0,0.9361361861228943,0.5
625,European,Europe,2.0,0.9364206790924072,0.5
751,1185,in 1185,2.0,0.9367179274559021,0.5
472,3,three,2.0,0.936853289604187,0.5
808,in less than quadratic time,less than quadratic time,2.0,0.9376861453056335,0.5
836,2018,in 2018,2.0,0.940184473991394,0.5
511,IPCC,the IPCC,2.0,0.9424384832382202,0.5
939,Stockton and Darlington,Stockton and Darlington Railway,1.0,0.9426489472389221,0.5
748,1060s,In the 1060s,2.0,0.9433520436286926,0.5
753,1041,in 1041,2.0,0.9461719989776611,0.5
757,early 11th century,11th century,1.0,0.946537435054779,0.5
864,"""entrenched"" provisions","certain ""entrenched"" provisions",2.0,0.9471991062164307,0.5
874,1851,in 1851,2.0,0.9499374032020569,0.5
851,Video On Demand,Video On Demand service,2.0,0.9501218795776367,0.5
869,May 2013,in May 2013,2.0,0.9511147737503052,0.5
818,17.5 million,over 17.5 million,1.0,0.9529894590377808,0.5
842,July 2013,In July 2013,2.0,0.9555808901786804,0.5
9,solution,the solution,2.0,0.956244170665741,0.5
841,Video On Demand,Video On Demand content,2.0,0.9566306471824646,0.5
193,the Atlantic,Atlantic,2.0,0.9600316882133484,0.5
883,about one-eighth the number,about one-eighth,2.0,0.9624519944190979,0.5
921,into the nineteenth century,well into the nineteenth century,1.0,0.9632695913314819,0.5
828,$20 billion,over $20 billion,1.0,0.9634295701980591,0.5
870,October 2016,in October 2016,2.0,0.9635665416717529,0.5
130,Liquid oxygen,liquid oxygen,2.0,0.9645557403564453,0.5
4,dukes,the dukes,2.0,0.9666312336921692,0.5
838,January 2010,In January 2010,2.0,0.9670171141624451,0.5
492,adaptive immune system,the adaptive immune system,2.0,0.968268632888794,0.5
189,the Daily Mail,Daily Mail,2.0,0.9686121940612793,0.5
884,from 1562 to 1598,1562 to 1598,2.0,0.9723348021507263,0.5
742,10th and 11th centuries,in the 10th and 11th centuries,2.0,0.9750314950942993,0.5
847,8 February 2007,On 8 February 2007,2.0,0.9776241183280945,0.5
846,22 May 2006,on 22 May 2006,2.0,0.9795427322387695,0.5
793,there is no known polynomial-time solution,no known polynomial-time solution,2.0,0.982096791267395,0.5
480,four,Four,2.0,0.9825791716575623,0.5
