,answer1,answer2,label,bert_score
485,Zhu Yuanzhang,thanks,0.0,tensor([0.1962])
37,1.3 million,San Diego,0.0,tensor([0.1991])
646,Vistula Valley,geomorphologic,0.0,tensor([0.2071])
630,Mao Zedong,Sultan Galiev and Vasyl Shakhrai,0.0,tensor([0.2161])
302,Vice President Agnew,Marshall Cohen,0.0,tensor([0.2166])
550,Sankt Goarshausen,Lorelei,0.0,tensor([0.2192])
172,Federica Mogherini,Jean-Claude Juncker,0.0,tensor([0.2195])
226,Vendobionta,ctenophores,0.0,tensor([0.2196])
685,Major General James Abercrombie,Lord Loudoun,0.0,tensor([0.2205])
496,World Meteorological Organization,WMO,2.0,tensor([0.2223])
717,Schrödinger,Newtonian equations,0.0,tensor([0.2234])
344,coercive,civil disobedience,0.0,tensor([0.2240])
536,Hoek van Holland,(1036.20 km),0.0,tensor([0.2244])
215,diploblastic,ctenophores,0.0,tensor([0.2252])
224,Cestum veneris,up to 1.5 meters (4.9 ft) long,0.0,tensor([0.2279])
46,Freeview,ITV Digital,0.0,tensor([0.2284])
554,Merwede-Oude Maas,North Sea,0.0,tensor([0.2288])
55,Ku band,9.75/10.600 GHz,0.0,tensor([0.2290])
543,Rheinbrech,Upper Lake,0.0,tensor([0.2292])
544,Rheinbrech,Upper Lake,0.0,tensor([0.2292])
686,Major General Louis-Joseph de Montcalm,Lord Loudoun,0.0,tensor([0.2302])
288,nonviolent resistance,unfair laws,0.0,tensor([0.2306])
553,Old Rhine,Oude Rijn,2.0,tensor([0.2322])
618,uncivilized,fully human,0.0,tensor([0.2332])
88,Corliss,patent valve,0.0,tensor([0.2343])
51,BSkyB,British Sky Broadcasting,2.0,tensor([0.2345])
300,Marshall Cohen,President Agnew,0.0,tensor([0.2354])
632,pseudo-sciences,British Empire,0.0,tensor([0.2373])
682,Colonel Monckton,British,0.0,tensor([0.2381])
343,limited coercion,civil disobedience,0.0,tensor([0.2388])
246,host interface to X.25 and the terminal interface to X.29,ARPANET,0.0,tensor([0.2390])
35,Inland Empire,Temecula and Murrieta,0.0,tensor([0.2397])
48,monthly fee,SkyHD box,0.0,tensor([0.2397])
535,Gaulish name Rēnos,Rhenus,2.0,tensor([0.2399])
293,Henry David Thoreau,Gandhi,0.0,tensor([0.2402])
601,Sharia,an idealized and systematized version of conservative tribal village customs,0.0,tensor([0.2403])
320,must be publicly announced,civil disobedience,0.0,tensor([0.2424])
412,Institute for Policy Studies,PolitiFact,1.0,tensor([0.2428])
166,Chevrolet Bel Air,lower price models,0.0,tensor([0.2429])
720,parallel,antisymmetric,0.0,tensor([0.2439])
342,sending an email,Supreme Court case,0.0,tensor([0.2443])
552,Noord River,Nieuwe Maas,0.0,tensor([0.2443])
83,Parris Island,Southeastern U.S.,1.0,tensor([0.2444])
549,Switzerland,Duisburg,0.0,tensor([0.2453])
95,Advanced Steam,cogeneration processes,0.0,tensor([0.2457])
546,Moselle,Neckar,0.0,tensor([0.2464])
208,colloblasts,retractable tentacles fringed with tentilla,2.0,tensor([0.2479])
668,200 Troupes de la marine and 30 Indians,Céloron,0.0,tensor([0.2485])
497,United Nations Environment Programme,UNEP,2.0,tensor([0.2485])
0,Seine,Epte,0.0,tensor([0.2486])
290,Oedipus,Antigone,0.0,tensor([0.2491])
346,coercion,make it more difficult for a system to function,0.0,tensor([0.2493])
38,Los Angeles Area,major business,0.0,tensor([0.2523])
493,bacteriophages,viral,0.0,tensor([0.2526])
376,incapacitation,achieving crime control,0.0,tensor([0.2544])
292,nonviolent,political poem,0.0,tensor([0.2545])
588,Edinburgh Pentlands,former party leader,0.0,tensor([0.2548])
114,non-combustible,wood,0.0,tensor([0.2552])
619,the British Empire,Terra nullius,0.0,tensor([0.2564])
304,specific,civil disobedience,0.0,tensor([0.2575])
205,phylum of animals that live in marine waters,comb jellies,1.0,tensor([0.2575])
164,Lexus,Acura,0.0,tensor([0.2578])
570,debating chamber,Wednesday afternoons,0.0,tensor([0.2578])
526,diverges,exceeds any given number,0.0,tensor([0.2588])
122,twice,50% more,0.0,tensor([0.2595])
318,civil disobedience,lawbreaking,1.0,tensor([0.2599])
689,Loudoun,Duke of Cumberland,0.0,tensor([0.2599])
119,ozone,Trioxygen,2.0,tensor([0.2603])
251,a partnership with Level 3 Communications to launch a brand new nationwide network,Qwest,0.0,tensor([0.2604])
363,defiant speech,allocution,2.0,tensor([0.2622])
574,no revising chamber,"take evidence from witnesses, conduct inquiries and scrutinise legislation",0.0,tensor([0.2624])
86,Calvinist,Walloon,0.0,tensor([0.2637])
522,primorial primes,Fermat,0.0,tensor([0.2642])
77,regional cities,Phillip Island,0.0,tensor([0.2645])
227,all other animals,Bilateria,0.0,tensor([0.2650])
479,Shoushi Li,授時暦,0.0,tensor([0.2651])
271,the pre-Heian Imperial court,Taihō Code,0.0,tensor([0.2657])
228,The isolated subdivision,Dogg Pound,0.0,tensor([0.2659])
495,Korean,onomist,0.0,tensor([0.2663])
515,Christian Goldbach,mathematicians,0.0,tensor([0.2669])
279,dispensing substandard products,potentially dangerous,0.0,tensor([0.2676])
50,Sky+,PVR,0.0,tensor([0.2677])
305,constitutional impasse,her or his capacity as public official,0.0,tensor([0.2684])
655,Polonez,125p,0.0,tensor([0.2688])
731,movable pulleys,every string,0.0,tensor([0.2688])
207,water flow through the body cavity,κτείς kteis 'comb' and φέρω pherō 'carry',0.0,tensor([0.2693])
331,jail solidarity,solitary civil disobedience,0.0,tensor([0.2694])
482,Ilkhanate,reaching the highest-post in the government,0.0,tensor([0.2695])
157,5% production cut,"declared Japan a ""nonfriendly"" country",0.0,tensor([0.2709])
105,photosynthesis,living organisms,0.0,tensor([0.2709])
577,automatically devolved,not specifically reserved,0.0,tensor([0.2709])
252,The network was engineered and operated by MCI Telecommunications under a cooperative agreement with the NSF,National Science Foundation,1.0,tensor([0.2709])
578,UK Government ministers,Westminster,0.0,tensor([0.2712])
295,unjust forms of authority,Peterloo massacre,0.0,tensor([0.2717])
673,Tanaghrisson,the Mingo,0.0,tensor([0.2720])
545,Lindau,Mainau,0.0,tensor([0.2721])
53,Thomson,STB,0.0,tensor([0.2722])
345,refusals to pay taxes,civil disobedience,1.0,tensor([0.2729])
528,twin prime conjecture,Polignac's,0.0,tensor([0.2729])
374,avoiding attribution,viewed as not being a civil disobedient,0.0,tensor([0.2738])
91,Reciprocating piston,steam turbines,0.0,tensor([0.2741])
484,a Qara-Khitay (Khitan,Ahai,0.0,tensor([0.2742])
523,Fermat primes,Mersenne,0.0,tensor([0.2752])
466,Alpha Phi Omega,Four,0.0,tensor([0.2755])
454,emissions per person,this multiplier,0.0,tensor([0.2760])
353,use the arrest as an opportunity,civil disobedience,0.0,tensor([0.2760])
393,voucher,pupils are free to choose a private school,0.0,tensor([0.2761])
275,patient care rounds drug product selection,interdisciplinary approach,0.0,tensor([0.2763])
297,"muggers, arsonists, draft evaders, campaign hecklers, campus militants, anti-war demonstrators, juvenile delinquents and political assassins",civil disobedience,1.0,tensor([0.2768])
144,They arranged for Israel to pull back from the Sinai Peninsula and the Golan Heights.,multilateral,0.0,tensor([0.2775])
529,indecomposability,minimality,0.0,tensor([0.2777])
542,Lake Rhine,Seerhein,2.0,tensor([0.2777])
735,formalism,the relevant cross-sectional area for the volume for which the stress-tensor is being calculated,0.0,tensor([0.2786])
531,4k + 3,Z,0.0,tensor([0.2787])
24,Los Angeles,Riverside,0.0,tensor([0.2787])
525,n < p < 2n − 2,A or μ,0.0,tensor([0.2789])
358,creative plea,no contest,0.0,tensor([0.2789])
451,redistributive taxation,fertility,0.0,tensor([0.2791])
633,Middle East,Africa,0.0,tensor([0.2792])
176,"legislation can be blocked by a majority in Parliament, a minority in the Council, and a majority in the Commission",unanimity,0.0,tensor([0.2792])
398,Benjamin Netanyahu,Benazir Bhutto,0.0,tensor([0.2792])
370,general disobedience,great amount of it,0.0,tensor([0.2798])
272,status superior to all others in health-related fields such as physicians and acupuncturists,Ranked positions,0.0,tensor([0.2800])
143,members of the Organization of Arab Petroleum Exporting Countries,OAPEC,2.0,tensor([0.2801])
141,mechanical ventilators,oxygen masks,0.0,tensor([0.2806])
721,force,4-momentum in relativity and momentum of virtual particles in quantum electrodynamics,0.0,tensor([0.2808])
321,fabricating evidence or committing perjury,covert lawbreaking,0.0,tensor([0.2814])
704,vector quantities,dependent upon how strong,0.0,tensor([0.2816])
399,Timucua,Mocama,0.0,tensor([0.2822])
276,all health care settings,drug product selection,0.0,tensor([0.2823])
382,Working versions of 3D-printing building technology are already printing,2014,0.0,tensor([0.2825])
98,stoking,Mechanical stoker,1.0,tensor([0.2827])
128,carbon cycle,plant health status,0.0,tensor([0.2830])
431,steeper tax,social spending,0.0,tensor([0.2837])
427,low wage,competition,0.0,tensor([0.2840])
366,mistreatment from government officials,sentence,0.0,tensor([0.2844])
392,government schools formerly reserved for white children,semi-private,1.0,tensor([0.2846])
335,trespassing at a nuclear-missile installation,symbolic illegal protests,0.0,tensor([0.2846])
40,Hospitality Business/Financial Centre,Downtown Riverside,0.0,tensor([0.2846])
34,regional tourism groups,AAA Auto Clubs,0.0,tensor([0.2857])
499,"""business as usual"" (BAU)",enhanced greenhouse effect,0.0,tensor([0.2859])
219,osmotic pressure,It is uncertain,0.0,tensor([0.2862])
56,no,Third-party channels,0.0,tensor([0.2865])
589,"able to vote on domestic legislation that applies only to England, Wales and Northern Ireland",procedural consequence,0.0,tensor([0.2865])
195,Purus Arch,along the middle,0.0,tensor([0.2867])
261,crust,lithosphere,0.0,tensor([0.2872])
155,"last week of February 1974,",20%,0.0,tensor([0.2875])
137,Decompression sickness,"bubbles of inert gas, mostly nitrogen and helium, forming in their blood",2.0,tensor([0.2880])
301,"code-word describing the activities of muggers, arsonists, draft evaders",utterly debased,0.0,tensor([0.2882])
540,Lake Constance,West by the Alter Rhein,0.0,tensor([0.2883])
258,East Smithfield,England,1.0,tensor([0.2885])
361,accept jail penitently,is to switch suddenly to a spirit of subservience,0.0,tensor([0.2888])
124,compressing and cooling,cascade method,0.0,tensor([0.2888])
303,impossible,a maze of semantical problems and grammatical niceties,0.0,tensor([0.2891])
115,Air,a substance like wood gains overall weight in burning,0.0,tensor([0.2892])
61,Sky TV bills,claimants,0.0,tensor([0.2892])
23,the general number field sieve,RSA,0.0,tensor([0.2900])
94,cotton spinning,operations requiring constant speed,0.0,tensor([0.2909])
629,Eastern Europe,1919–20,0.0,tensor([0.2914])
457,various academic disciplines,"the world's first man-made, self-sustaining nuclear reaction",0.0,tensor([0.2917])
265,absolute ages,rock units,0.0,tensor([0.2920])
235,"use of a decentralized network with multiple paths between any two points, dividing user messages into message blocks",ideas,0.0,tensor([0.2920])
187,if they were non-discriminatory,"participate in economic life ""on a stable and continuous basis""",0.0,tensor([0.2922])
116,chemically,a covalent double bond,0.0,tensor([0.2928])
402,Spanish moss,kitchen fire,0.0,tensor([0.2934])
448,a great deal of utility,basic necessities,0.0,tensor([0.2934])
391,Society of St Pius X,Catholic schismatic,0.0,tensor([0.2934])
548,Switzerland,Lower Rhine,0.0,tensor([0.2937])
294,free India,protest and political action,0.0,tensor([0.2940])
442,Gender,ranges from 53% in Botswana to -40% in Bahrain,0.0,tensor([0.2942])
395,"identify, recruit",Conant devised programs,0.0,tensor([0.2943])
669,"British merchants or fur-traders, Céloron informed them of the French claims on the territory and told them to leave.",buried lead plates,0.0,tensor([0.2947])
688,poor harvest,allegedly corrupt machinations of François Bigot,0.0,tensor([0.2947])
478,western,Yuan dynasty,0.0,tensor([0.2949])
603,ended the true Islamic system,working through Turkish modernist Mustafa Kemal Atatürk,0.0,tensor([0.2950])
136,Hyperbaric (high-pressure) medicine,special oxygen chambers,1.0,tensor([0.2952])
524,The Electronic Frontier Foundation,"$150,000",0.0,tensor([0.2956])
289,former King of Thebes,Oedipus,1.0,tensor([0.2959])
327,"cultural traditions, social customs, religious beliefs",revolutionary civil disobedience,0.0,tensor([0.2962])
285,apartheid,Singing Revolution to bring independence to the Baltic countries,0.0,tensor([0.2965])
248,use of the name was incorrect all these services were managed by the same people within one department of KPN contributed to the confusion,Dutch PTT Telecom,0.0,tensor([0.2974])
687,"attack on New France's capital, Quebec",one major operation,0.0,tensor([0.2976])
117,triplet oxygen,O,1.0,tensor([0.2987])
639,World War I,creation of modern Balkan and Middle Eastern states,0.0,tensor([0.2988])
740,nonconservative forces,internal energies of the system,0.0,tensor([0.2992])
641,12th/13th-century nobleman,shortened form of the masculine name of Slavic origin Warcisław,0.0,tensor([0.2995])
191,moist broadleaf forest,tropical,1.0,tensor([0.2996])
259,new magma,igneous,0.0,tensor([0.3007])
79,some of the Huguenots were nobles trying to establish separate centers of power in southern France,political reasons,0.0,tensor([0.3008])
278,another customer might overhear about the drugs that they take,homebound,0.0,tensor([0.3013])
396,Allston,on a 358-acre (145 ha) campus,0.0,tensor([0.3021])
308,refuse to enforce a decision,constitutional impasse,0.0,tensor([0.3022])
610,ownership of private industries,technological superiority,0.0,tensor([0.3023])
154,Price controls,promote oil exploration,0.0,tensor([0.3025])
28,counties,Riverside,0.0,tensor([0.3029])
214,cnidarians,Ctenophores,1.0,tensor([0.3032])
483,"Besh Baliq, Almaliq, and Samarqand",Bukhara,0.0,tensor([0.3033])
202,62 acres,quarter square,1.0,tensor([0.3035])
241,"Frame Relay was used to interconnect LANs across wide area networks. However, X.25 and well as Frame Relay have been supplanted",provide connection-oriented operations,0.0,tensor([0.3038])
443,relatively equal,low,0.0,tensor([0.3042])
683,deportation of the French-speaking Acadian population from the area.,captured Fort Beauséjour,0.0,tensor([0.3043])
420,substitute capital equipment,pressure to reduce costs and maximize profits,0.0,tensor([0.3046])
597,promoted Western/foreign ideas and practices into Islamic societies,secular leanings,0.0,tensor([0.3051])
31,northern,the Tehachapi Mountains,0.0,tensor([0.3051])
725,ballistic trajectory,path between two space-time events,0.0,tensor([0.3052])
465,Miller–Urey experiment,Chicago Pile-1,0.0,tensor([0.3070])
326,help preserve society's tolerance of civil disobedience,rebellion is much more destructive,0.0,tensor([0.3070])
676,"Contrecœur led 500 men south from Fort Venango on April 5, 1754",40,0.0,tensor([0.3071])
22,modern cryptographic systems,RSA algorithm,1.0,tensor([0.3073])
379,moral reasons to follow this law,whether it would do more harm than good,0.0,tensor([0.3074])
317,international organizations and foreign governments,a larger challenge to the legal system that permits those decisions to be taken,0.0,tensor([0.3078])
221,more or less rounded,egg-shaped,2.0,tensor([0.3085])
316,legal system,foreign,0.0,tensor([0.3088])
341,Threatening government officials,forbidden speech,1.0,tensor([0.3096])
210,planktonic plants,a vital part of marine food chains,1.0,tensor([0.3097])
102,dioxygen,diatomic gas,1.0,tensor([0.3105])
273,within the dispensary compounding/dispensing medications,communicating with patients,0.0,tensor([0.3105])
400,Battle of Cedar Creek,1864,0.0,tensor([0.3109])
460,1910,Several University of Chicago professors,0.0,tensor([0.3114])
593,political support,making peace with Israel,0.0,tensor([0.3121])
283,exaggerating their seriousness,avoiding the unnecessary use of medication that may have side-effects,0.0,tensor([0.3122])
29,music,major record companies,0.0,tensor([0.3128])
489,pH or available iron,balance of microbial populations,0.0,tensor([0.3128])
408,2008,Fay,0.0,tensor([0.3130])
347,engage in moral dialogue,get their issue onto the table,1.0,tensor([0.3130])
555,tear huge areas of land into the sea.,tidal currents,0.0,tensor([0.3130])
500,does not faithfully summarize the full WGI report,understates the uncertainty associated with climate models,0.0,tensor([0.3131])
234,survivable communications networks,the concept of distributed adaptive message block switching,0.0,tensor([0.3131])
85,William the Silent,Pierre L'Oyseleur,0.0,tensor([0.3133])
299,utterly debased,everything from bringing a test-case in the federal courts to taking aim at a federal official,0.0,tensor([0.3134])
596,conspiracy,Westernizing Muslims,0.0,tensor([0.3136])
558,increased flooding and sedimentation,Bronze Age agriculture,0.0,tensor([0.3146])
68,warmest regions,semi-deserts,0.0,tensor([0.3152])
449,higher aggregate utility,population-wide satisfaction and happiness,0.0,tensor([0.3153])
76,tourism,big,0.0,tensor([0.3154])
190,"creditor protection, labour rights to participate in work, or the public interest in collecting taxes",Denmark's minimum capital law,0.0,tensor([0.3155])
464,Robert Zimmer,Daniel Diermeier,0.0,tensor([0.3156])
622,Orientalism,inferior,0.0,tensor([0.3159])
236,delivery of these messages by store and forward switching,decentralized network with multiple paths between any two points,0.0,tensor([0.3163])
580,Decision Time,After a general debate on the final form of the bill,0.0,tensor([0.3164])
739,statistical mechanics,detailed,0.0,tensor([0.3172])
291,obey her conscience rather than human law,She gives a stirring speech,0.0,tensor([0.3174])
643,Victory Square,1979,0.0,tensor([0.3176])
298,ambiguity,debased,0.0,tensor([0.3186])
729,residual of the force,nucleons in atomic nuclei,0.0,tensor([0.3186])
58,Video On Demand,(HDTV),0.0,tensor([0.3193])
653,city,Demographically,0.0,tensor([0.3195])
425,Competition amongst workers,high demand,0.0,tensor([0.3196])
163,power steering,air conditioning,0.0,tensor([0.3197])
96,pollution,Advanced Steam movement,0.0,tensor([0.3199])
452,reduction,halve poverty,0.0,tensor([0.3199])
337,social goal,protests toward public policy,1.0,tensor([0.3209])
281,In some rural areas in the United Kingdom,prescribe and dispense prescription-only medicines to their patients from within their practices,0.0,tensor([0.3212])
218,"a mouth that can usually be closed by muscles; a pharynx (""throat""); a wider area in the center that acts as a stomach; and a system of internal canals.",the gastrodermis,1.0,tensor([0.3215])
180,Treaty provisions,they are ‘directly applicable in all Member States’,0.0,tensor([0.3223])
617,geographical societies in Europe,necessary for a state’s survival,0.0,tensor([0.3224])
664,much larger conflict between France and Great Britain,in King George's reign,0.0,tensor([0.3224])
726,global,in space,0.0,tensor([0.3225])
111,storage vessels,fire,0.0,tensor([0.3228])
444,greater return of capital,wealth condensation,0.0,tensor([0.3229])
611,seaborne,land,0.0,tensor([0.3229])
594,assassinated,Islamists came to completely dominate university student unions,0.0,tensor([0.3231])
196,explanations are reasonably well supported,by the available data,0.0,tensor([0.3233])
581,supplant it.,"reverts to the first Thursday in May, a multiple of four years after 1999",0.0,tensor([0.3234])
461,after their second year,early 1950s,0.0,tensor([0.3237])
167,Treaties establishing the European Union,"primary law, secondary law and supplementary law",0.0,tensor([0.3239])
708,orthogonal,uniquely determined,0.0,tensor([0.3240])
237,"a general architecture for a large-scale, distributed, survivable communications network",briefing B-265,0.0,tensor([0.3241])
591,a historical fluke,political Islam,0.0,tensor([0.3242])
595,gradual,Islamic revolution,0.0,tensor([0.3243])
239,by store and forward switching,packets,0.0,tensor([0.3252])
369,inform the jury and the public of the political circumstances,plead not guilty,0.0,tensor([0.3254])
445,larger fortunes,wealth condensation,0.0,tensor([0.3258])
401,Gilded Age,Reconstruction,0.0,tensor([0.3265])
734,pressure terms,matrix diagonals of the tensor),0.0,tensor([0.3267])
267,pressure physical experiments,fluid inclusion data,0.0,tensor([0.3273])
702,magnitude,action-reaction,0.0,tensor([0.3274])
642,August 1944,the Red Army was nearing the city,0.0,tensor([0.3277])
158,USSR's invasion,Afghanistan,0.0,tensor([0.3281])
62,a man's presence,mother is wrongly claiming to be living alone,0.0,tensor([0.3282])
26,counties,five most populous in the state,0.0,tensor([0.3283])
670,"very badly disposed towards the French, and are entirely devoted to the English",what way they could be brought back,0.0,tensor([0.3284])
140,Acute oxygen toxicity,seizures,0.0,tensor([0.3286])
165,"Lincoln Continental,",Cadillac DeVille,0.0,tensor([0.3289])
33,Imperial,1999,0.0,tensor([0.3290])
333,propaganda,just a harassment,0.0,tensor([0.3290])
268,provide better absolute bounds on the timing and rates of deposition,gain information about past climate,0.0,tensor([0.3293])
371,neither conscientious nor of social benefit,any great amount of it would undermine the law,0.0,tensor([0.3295])
474,Yangzi River basin,the Song dynasty,0.0,tensor([0.3302])
311,not necessarily right,the will of elite politicians,0.0,tensor([0.3303])
104,water,organic molecules,0.0,tensor([0.3308])
628,800 CE,in late antiquity,0.0,tensor([0.3309])
490,adaptive,strong response,0.0,tensor([0.3310])
367,acquittal and avoid imprisonment,to use the proceedings as a forum,0.0,tensor([0.3312])
394,white,African-American,0.0,tensor([0.3317])
36,varied,natural ecosystem,0.0,tensor([0.3320])
521,Solovay-Strassen tests,Miller-Rabin,0.0,tensor([0.3323])
183,member states,the European Convention on Human Rights,0.0,tensor([0.3325])
647,former flooded terraces,peat swamps or small ponds,0.0,tensor([0.3326])
78,the southern and central parts of France,about one-eighth,0.0,tensor([0.3328])
424,unfair,high levels of inequality,1.0,tensor([0.3332])
182,in Article 5,the lawfulness of an action depends on whether it was appropriate and necessary to achieve the objectives legitimately pursued,0.0,tensor([0.3335])
459,passed,Several University of Chicago professors,0.0,tensor([0.3341])
660,disaster; he was defeated in the Battle of the Monongahela,None succeeded,0.0,tensor([0.3341])
716,kinetic friction,object started with a non-zero velocity,0.0,tensor([0.3342])
627,assimilation,Full citizenship rights,0.0,tensor([0.3344])
64,National Party,Nationals,1.0,tensor([0.3344])
170,Following the Nice Treaty,2004,0.0,tensor([0.3349])
598,al-Gama'a al-Islamiyya,Islamic Group,1.0,tensor([0.3352])
150,shrinking Western demand,economies had been caught between higher oil prices and lower prices for their own export commodities,0.0,tensor([0.3353])
671,British colonists would not be safe as long as the French were present,forceful,0.0,tensor([0.3355])
684,Petitcodiac in 1755 and at Bloody Creek near Annapolis Royal in 1757,deportation of the French-speaking Acadian population from the area,0.0,tensor([0.3358])
586,constituency seats,second,0.0,tensor([0.3359])
97,injector,condensers,0.0,tensor([0.3361])
315,"trade unions, banks, and private universities",non-governmental agencies,1.0,tensor([0.3363])
681,Shirley and Johnson.,British,0.0,tensor([0.3364])
428,expendable nature of the worker,(high supply) competing for a job that few require (low demand),0.0,tensor([0.3365])
132,dangerous by-products,the immune system,0.0,tensor([0.3366])
450,evidence,prevent growth,0.0,tensor([0.3368])
377,would do more harm than good,it focuses attention on the threat of punishment and not the moral reasons to follow this law,0.0,tensor([0.3369])
602,a different view,Islam's pivotal turning point as occurring not with the death of Ali,0.0,tensor([0.3370])
711,forces,static equilibrium,0.0,tensor([0.3376])
626,taxation,removing its economic foundation,0.0,tensor([0.3377])
616,theory of races,Social Darwinism,1.0,tensor([0.3378])
592,considerable impact,"experience, ideology, and weapons",0.0,tensor([0.3385])
455,environmental degradation,this as well,0.0,tensor([0.3392])
57,Sky Active,Open,0.0,tensor([0.3393])
329,"judged ""wrong"" by an individual conscience",to cause their repeal,0.0,tensor([0.3395])
606,military force,colonization,1.0,tensor([0.3396])
567,blueprint,the Convention,0.0,tensor([0.3396])
722,conservation of momentum,the currently known fundamental forces,0.0,tensor([0.3403])
488,pattern recognition receptors,cells,0.0,tensor([0.3405])
93,water pump,vacuum,0.0,tensor([0.3405])
469,David Bevington,John Mearsheimer and Robert Pape,0.0,tensor([0.3407])
512,composite number,primes,0.0,tensor([0.3408])
348,padlocking the gates,"illegal boycotts, refusals to pay taxes, draft dodging, distributed denial-of-service attacks, and sit-ins",0.0,tensor([0.3413])
715,behind the foot of the mast,straight down,0.0,tensor([0.3415])
615,conquering the other state's lands,political and monetary dominance,1.0,tensor([0.3419])
569,the Parliamentary Bureau,Presiding Officer,0.0,tensor([0.3419])
325,destructive,use of force and violence and refusal to submit to arrest,0.0,tensor([0.3420])
356,I feel I did the right thing by violating this particular law,proud of it,1.0,tensor([0.3422])
349,criminal investigations,grant a consent search,0.0,tensor([0.3426])
453,residents willing to pay higher market rate for housing,gentrification of older neighbourhoods,1.0,tensor([0.3428])
225,cling to and creep on surfaces,"as a muscular ""foot""",0.0,tensor([0.3436])
151,distribution and price disruptions,reduced productivity,0.0,tensor([0.3437])
80,economic separation,worked as weavers,0.0,tensor([0.3437])
560,5th century,Migration period,0.0,tensor([0.3449])
519,the Rhind papyrus,Egyptian fraction,0.0,tensor([0.3459])
380,Industrial,heavy civil or heavy engineering,0.0,tensor([0.3463])
438,gender inequality in education,low economic growth,0.0,tensor([0.3472])
604,elites,government,1.0,tensor([0.3474])
718,quantized,operators,0.0,tensor([0.3476])
446,human capital is neglected,a lower level of economic utility in society,0.0,tensor([0.3488])
666,few British troops,not have any standing forces,0.0,tensor([0.3492])
340,broadcasting,engaging in the forbidden speech,0.0,tensor([0.3496])
385,religious,the usual academic subjects,0.0,tensor([0.3500])
585,issues under their jurisdiction,the First Minister,0.0,tensor([0.3506])
600,vicious and destructive,civil,0.0,tensor([0.3514])
148,until their economic and political objectives were met,In response to American aid to Israel,0.0,tensor([0.3521])
634,The British spirit of imperialism,Social Darwinism,0.0,tensor([0.3528])
584,any member of the Scottish Government,ministers in departments that are selected for questioning that sitting day,0.0,tensor([0.3528])
25,United States,Los Angeles,1.0,tensor([0.3529])
575,Scottish Government.,Committees,0.0,tensor([0.3533])
60,36%,2.4m customers,0.0,tensor([0.3536])
709,static friction,applied force,0.0,tensor([0.3537])
330,refuse to sign bail,jail solidarity,0.0,tensor([0.3537])
416,reduce costs and maximize profits,substitution of capital equipment for labor,0.0,tensor([0.3538])
636,interventionism,.,0.0,tensor([0.3543])
185,to enable people to pursue their life goals in any country through free movement,Since its foundation,0.0,tensor([0.3545])
556,Mesozoic Era,Triassic Period,0.0,tensor([0.3546])
706,Associating forces with vectors,adding the two force magnitudes or subtracting one from the other,0.0,tensor([0.3548])
73,sevenfold,"76,000 to 540,000",1.0,tensor([0.3549])
109,heat or a spark,oxygen,0.0,tensor([0.3552])
562,Seven Days to the River Rhine,plan for an invasion of Western Europe,0.0,tensor([0.3553])
153,encourage investment,"The system limited the price of ""old oil""",0.0,tensor([0.3555])
501,"fuel consumption, industrial production and so on",Greenhouse Gas Inventories,1.0,tensor([0.3556])
332,until after the end of the Mexican War,months,0.0,tensor([0.3559])
286,Egyptians,India,0.0,tensor([0.3564])
233,circuit switching is characterized by a fee per unit of connection time,a method which pre-allocates dedicated network bandwidth specifically for each communication session,0.0,tensor([0.3566])
703,standard measurement scale,precise operational definitions,0.0,tensor([0.3575])
674,colonel of the Iroquois,He who does great things,0.0,tensor([0.3579])
640,wide variety of industries,"FMCG manufacturing, metal processing, steel and electronic manufacturing and food processing",1.0,tensor([0.3579])
679,Albany Congress,the opening of hostilities,0.0,tensor([0.3592])
662,unwilling to risk large convoys to aid the limited forces it had in New France,significantly increased,0.0,tensor([0.3592])
13,mathematical models,branching,0.0,tensor([0.3598])
253,merchant ships.,Silk Road,0.0,tensor([0.3604])
386,expulsion,offer a higher quality of education,0.0,tensor([0.3628])
614,taking physical control of another,a conquest over an area,1.0,tensor([0.3633])
583,legislative programme for the forthcoming year,a statement,0.0,tensor([0.3636])
250,"role in spreading awareness of, and access to, national networking and was a major milestone on the path to development of the global Internet",not be directly connected to ARPANET,0.0,tensor([0.3641])
310,sovereign branches of government,public official,1.0,tensor([0.3645])
368,use the proceedings as a forum,win an acquittal and avoid imprisonment,0.0,tensor([0.3648])
730,conservation of mechanical energy,the tension force on a load can be multiplied,0.0,tensor([0.3650])
462,"Cobb, Shepley, Rutan and Coolidge, Holabird & Roche,",Henry Ives Cobb,1.0,tensor([0.3650])
691,Choctaw and the Creek,tribes that did not want to do business with the British,0.0,tensor([0.3652])
663,territory east of the Mississippi to Great Britain,France,0.0,tensor([0.3657])
133,major method,increasingly,0.0,tensor([0.3664])
82,Prussia,Great Elector Frederick William,0.0,tensor([0.3668])
738,gradient of potentials,macrophysical considerations that yield forces as arising from a macroscopic statistical average of microstates,0.0,tensor([0.3669])
110,compounds of oxygen,"peroxides, chlorates, nitrates, perchlorates, and dichromates",1.0,tensor([0.3672])
194,Amazonas Basin,Andes Mountains,0.0,tensor([0.3679])
359,tempted to enter the test site,protest,0.0,tensor([0.3691])
713,gravity,object's weight,0.0,tensor([0.3699])
388,vocational,secondary or post-secondary,0.0,tensor([0.3711])
421,productivity,organic composition of capital,0.0,tensor([0.3715])
362,plea bargain,plead guilty to one misdemeanor count and receive no jail time,1.0,tensor([0.3717])
364,lack of remorse,the judge increased her sentence,0.0,tensor([0.3720])
559,southern,between the modern Baden and Württemberg,0.0,tensor([0.3722])
692,on the ground,heavy bodies to fall,0.0,tensor([0.3729])
312,Resign,refusal to pay,0.0,tensor([0.3730])
620,irrational and backward,them,0.0,tensor([0.3740])
338,criminalized behavior,forbidden speech,0.0,tensor([0.3746])
675,France's claim to the region was superior to that of the British,Sieur de La Salle had explored the Ohio Country nearly a century earlier,0.0,tensor([0.3751])
256,from the tooth sockets in human skeletons,"mass graves in northern, central and southern Europe",0.0,tensor([0.3755])
621,inferior,irrational and backward,0.0,tensor([0.3758])
59,25m,36% of households,0.0,tensor([0.3763])
440,technological changes and globalization,decline of organized labor,0.0,tensor([0.3774])
378,the state,judges,0.0,tensor([0.3782])
240,"connection-oriented operations. But X.25 does it at the network layer of the OSI Model. Frame Relay does it at level two, the data link layer",a handshake between the communicating parties before any user packets are transmitted,0.0,tensor([0.3790])
732,stress tensor,deformations,0.0,tensor([0.3796])
352,"lack of understanding of the legal ramifications,",a suspect's talking to criminal investigators,0.0,tensor([0.3808])
700,fixed,an equality,0.0,tensor([0.3809])
27,15,Riverside,0.0,tensor([0.3831])
409,about 3.5 billion people,50%,0.0,tensor([0.3849])
238,"use of a decentralized network with multiple paths between any two points, dividing user messages into message blocks, later called packets","large-scale, distributed, survivable communications network",1.0,tensor([0.3850])
287,the British,communist governments,0.0,tensor([0.3864])
309,head of government,public official,1.0,tensor([0.3870])
698,the same,a Galilean transformation,0.0,tensor([0.3874])
20,NP,P,1.0,tensor([0.3879])
390,60,all,0.0,tensor([0.3888])
373,not being a civil disobedient,conscientious lawbreakers must be punished,0.0,tensor([0.3892])
473,south,the western frontier,0.0,tensor([0.3892])
306,citizen's,head of government,0.0,tensor([0.3897])
336,entirely symbolic,harassment,0.0,tensor([0.3902])
564,in which it can make laws,"powers that are ""reserved"" to the Parliament of the United Kingdom",0.0,tensor([0.3902])
513,the statistical behaviour,distribution,0.0,tensor([0.3904])
573,not a Scottish minister,may be of interest to a particular area such as a member's own constituency,0.0,tensor([0.3908])
42,NFL,Professional,0.0,tensor([0.3912])
699,General relativity,coherent theory of quantum gravity,0.0,tensor([0.3918])
672,protect the King's land in the Ohio Valley from the British,"he moved south, he drove off or captured British traders",0.0,tensor([0.3921])
502,"""Variations of Snow and Ice in the past and at present on a Global and Regional Scale""",the IPCC from the WWF report,0.0,tensor([0.3924])
714,Galileo,Aristotle's,0.0,tensor([0.3929])
146,ten times more,a hundred,0.0,tensor([0.3949])
572,votes,outcome,0.0,tensor([0.3949])
418,rising levels of property income,downward pressure on wages,0.0,tensor([0.3969])
280,"cancer, hepatitis, and rheumatoid arthritis",chronic and complex disease states,1.0,tensor([0.3982])
232,Davies is credited with coining the modern name packet switching and inspiring numerous packet switching networks in Europe,Donald Davies,1.0,tensor([0.3985])
705,Associating forces with vectors,know both the magnitude and the direction of both forces to calculate the result,0.0,tensor([0.4009])
72,government-owned,several private and public railway operators,0.0,tensor([0.4011])
437,period of compression,decrease in wages,0.0,tensor([0.4011])
410,the methodology used,"""silly argument"" and ""a non-issue . . . a diversion.""",0.0,tensor([0.4014])
534,1st century BC,Roman-era,0.0,tensor([0.4032])
530,the smallest subfield,Q or the finite field with p elements,0.0,tensor([0.4040])
147,renewal of hostilities in the Arab–Israeli conflict,.,0.0,tensor([0.4057])
648,plain Vistula terraces,highest terrace,0.0,tensor([0.4073])
590,its supporters,Scholars and observers,0.0,tensor([0.4078])
481,Chinese physicians were brought along military campaigns by the Mongols,to other parts of the empire,0.0,tensor([0.4083])
247,A user or host could call a host on a foreign network by including the DNIC of the remote network as part of the destination address,the interconnection of national X.25 networks,0.0,tensor([0.4089])
517,Euler's totient function,sum of divisors function,0.0,tensor([0.4091])
372,breaking the law for self-gratification,it would undermine the law by encouraging general disobedience,0.0,tensor([0.4103])
397,30% loss,$12 billion,0.0,tensor([0.4124])
313,elite politicians,individuals,0.0,tensor([0.4128])
403,voters approved the plan,governments merged to create the Consolidated City of Jacksonville,0.0,tensor([0.4131])
477,"Tang, Song, as well as Khitan Liao and Jurchen Jin dynasties",native Chinese dynasties,1.0,tensor([0.4147])
139,organic compounds,solvents,0.0,tensor([0.4157])
192,Cretaceous–Paleogene extinction event,dinosaurs,0.0,tensor([0.4158])
566,majority,40%,0.0,tensor([0.4174])
75,$8.7 billion,24%,0.0,tensor([0.4179])
405,tallest building in Downtown Jacksonville,"tallest precast, post-tensioned concrete structure",1.0,tensor([0.4193])
319,(Exodus 1: 15-19),Book of Exodus,1.0,tensor([0.4197])
568,Scottish Parliament Building,Edinburgh,0.0,tensor([0.4199])
694,impetus,gravity,0.0,tensor([0.4200])
100,liquid,gaseous,0.0,tensor([0.4204])
229,1885,July 1982 to June 1983,0.0,tensor([0.4205])
222,"""zip"" the mouth shut",streamlines the front of the animal,0.0,tensor([0.4210])
733,pressure terms,stress tensor,0.0,tensor([0.4214])
475,26 seconds off the modern Gregorian calendar,365.2425 days of the year,0.0,tensor([0.4218])
605,Christian Whiton,George W. Bush,0.0,tensor([0.4220])
613,ideological,commercial,0.0,tensor([0.4234])
89,increase in the land available for cultivation,farm tractors,0.0,tensor([0.4235])
419,reduce costs and maximize profits,raises the productivity of each worker,1.0,tensor([0.4236])
667,"mustered local militia companies, generally ill trained and available only for short periods, to deal with native threats, but did not have any standing forces.",militia support,0.0,tensor([0.4256])
557,Ice Ages,geological period,1.0,tensor([0.4263])
494,protein A,G,0.0,tensor([0.4273])
678,"regain authority over his own people. They had been inclined to support the French, with whom they had long trading relationships",had promised,0.0,tensor([0.4273])
282,in obtaining cost-effective medication and avoiding the unnecessary use of medication that may have side-effects,"the physician has a financial self-interest in ""diagnosing"" as many conditions as possible",0.0,tensor([0.4282])
92,turbine,electric motors,0.0,tensor([0.4290])
707,respective lines of application,their effects on the motion of the body,0.0,tensor([0.4304])
284,expected to become more integral within the health care system,patient care skills,0.0,tensor([0.4307])
635,the Monroe Doctrine,through policies,0.0,tensor([0.4310])
471,Song dynasty,Mongol Empire,0.0,tensor([0.4319])
776,time,non-deterministic time,1.0,tensor([0.4356])
30,southern,the desert,0.0,tensor([0.4360])
204,to help strengthen their territorial claims,map out their ancestral lands,0.0,tensor([0.4376])
690,"disappearance of a strong ally and counterweight to British expansion, leading to their ultimate dispossession",elimination of French power,0.0,tensor([0.4386])
411,a diversion,the basis of the methodology used,0.0,tensor([0.4391])
696,friction,gravity,0.0,tensor([0.4394])
498,available information about climate change based on published sources,peer-reviewed sources,0.0,tensor([0.4414])
693,unnatural,natural motion,0.0,tensor([0.4418])
113,Avogadro's law,the correct interpretation of water's composition,0.0,tensor([0.4454])
90,steam turbines,internal combustion engines,0.0,tensor([0.4459])
579,in the relevant committee or committees,the whole Parliament,0.0,tensor([0.4471])
199,one in five,"2,200",0.0,tensor([0.4473])
520,only three divisions,only for those m that are prime,0.0,tensor([0.4486])
518,only the single number 1,eliminate all multiples of 1,0.0,tensor([0.4501])
7,concrete,abstract,0.0,tensor([0.4513])
539,Switzerland,Liechtenstein,0.0,tensor([0.4520])
677,"with Tanaghrisson and his party, surprised the Canadians on May 28 in what became known as the Battle of Jumonville Glen",killed many of the Canadians,0.0,tensor([0.4521])
458,several regional colleges and universities,"Des Moines College, Kalamazoo College, Butler University, and Stetson University",0.0,tensor([0.4523])
728,quantum mechanics,the work of leading theoretical physicists,1.0,tensor([0.4527])
21,graph isomorphism problem,the discrete logarithm problem,0.0,tensor([0.4530])
198,data sampling is biased away from the center of the Amazon basin,practical limitations of working in the rainforest,1.0,tensor([0.4534])
719,antiparallel,antisymmetric,0.0,tensor([0.4540])
243,as a means to help the state's educational and economic development,to explore computer networking between three of Michigan's public universities,1.0,tensor([0.4540])
467,Arthur H. Compton,Robert A. Millikan,0.0,tensor([0.4546])
441,less willing to travel or relocate,women not taking jobs due to marriage or pregnancy,0.0,tensor([0.4561])
659,primarily along the frontiers between New France and the British colonies,Virginia in the South to Nova Scotia in the North,0.0,tensor([0.4572])
365,likelihood of repeating,a lack of remorse,0.0,tensor([0.4578])
223,large pharynx,large cilia,0.0,tensor([0.4597])
736,rotational equivalent for position,rotation,1.0,tensor([0.4600])
1,Norman mercenary,an Italo-Norman named Raoul,1.0,tensor([0.4607])
277,creating a comprehensive drug therapy plan for patient-specific problems,identifying goals of therapy,1.0,tensor([0.4609])
661,expulsion of the Acadians,deportation,0.0,tensor([0.4629])
665,"from Nova Scotia and Newfoundland in the north, to Georgia in the south",eastern coast of the continent,0.0,tensor([0.4633])
177,"by assuming the task of interpreting the treaties, and accelerating economic and political integration",has the ability to expand and develop the law according to the principles it deems to be appropriate,0.0,tensor([0.4634])
414,marginal value added of each economic actor,differences in value,0.0,tensor([0.4645])
435,savings and investment,"education,",0.0,tensor([0.4648])
510,other scientific bodies,scientific papers and independently documented results,1.0,tensor([0.4649])
245,"Ethernet attached hosts, and eventually TCP/IP and additional public universities in Michigan join the network",the network was enhanced,1.0,tensor([0.4654])
417,less workers are required,"raises the productivity of each worker,",1.0,tensor([0.4663])
201,One in five,"1,294",0.0,tensor([0.4676])
724,"Newton's Universal Gravitation Constant,",dimensional constant,0.0,tensor([0.4687])
657,Medical University of Warsaw,National Defence University,0.0,tensor([0.4702])
470,Yuán Cháo,元朝,0.0,tensor([0.4708])
307,the head of government would be acting in her or his capacity as public official,"two public agencies, especially two equally sovereign branches of government, conflict",0.0,tensor([0.4710])
929,lower-pressure boiler feed water,water,1.0,tensor([0.4723])
197,the Last Glacial Maximum (LGM) and subsequent deglaciation,rainfall in the basin during the LGM was lower than for the present,0.0,tensor([0.4746])
527,identity,algebraic,0.0,tensor([0.4757])
217,comb-bearing,"""comb"" and the Greek suffix -φορος meaning ""carrying""",2.0,tensor([0.4788])
547,plants and factories,industry,1.0,tensor([0.4789])
186,Jean-Marc Bosman,the Belgian Football Association v Bosman,1.0,tensor([0.4799])
645,at the right bank of the Vistula,by the eastern border,0.0,tensor([0.4810])
254,That the plague was caused by bad air,great pestilence in the air,1.0,tensor([0.4813])
476,a period of foreign domination,continuation of the Mongol Empire,0.0,tensor([0.4841])
269,regulates the practice of pharmacists and pharmacy technicians,governing body for pharmacy health care professionals,1.0,tensor([0.4877])
324,violence,non-violent,0.0,tensor([0.4881])
375,competing harms defense,necessity defense,1.0,tensor([0.4903])
541,parallel to the canalized Rhine,into the lake,0.0,tensor([0.4914])
697,Newton's First,first law,1.0,tensor([0.4935])
81,surnames,names,1.0,tensor([0.4960])
200,"40,000",tens of thousands,1.0,tensor([0.4965])
169,international law,case law by the Court of Justice,0.0,tensor([0.4968])
651,1775–1795,1696,0.0,tensor([0.4972])
384,Orthodox Christians,Roman Catholic,0.0,tensor([0.4981])
103,high-altitude ozone layer,ozone,1.0,tensor([0.4996])
919,acted increasingly aggressively to force the Huguenots to convert,aggressively,1.0,tensor([0.4998])
712,spring reaction force,the force of gravity,0.0,tensor([0.5023])
3,Isaac Komnenos,Isaac,1.0,tensor([0.5055])
537,"Rhine-kilometers""",kilometres,1.0,tensor([0.5076])
355,does not infringe the rights of others,don't believe in the legitimacy of any government,0.0,tensor([0.5081])
262,second scale shows the most recent eon with an expanded scale,compresses the most recent era,1.0,tensor([0.5098])
538,Austria,Liechtenstein,0.0,tensor([0.5098])
516,the sum of divisors function,relationship of the number to its corresponding value of Euler's totient function,0.0,tensor([0.5123])
383,the project coordinator,the architect or engineer,0.0,tensor([0.5130])
354,legitimacy of a particular law,laws,1.0,tensor([0.5144])
156,British Prime Minister Edward Heath,British,1.0,tensor([0.5175])
220,pump water out of the mesoglea,pump,1.0,tensor([0.5217])
181,"a citizen or company can invoke a Directive, not just in a dispute with a public authority, but in a dispute with another citizen or company","a citizen may rely on the Directive in such an action (so called ""vertical"" direct effect)",1.0,tensor([0.5220])
66,Labor,Australian Labor Party,1.0,tensor([0.5236])
658,festivals,events,0.0,tensor([0.5251])
264,older than the fault,younger,0.0,tensor([0.5270])
612,political focus,ideological,0.0,tensor([0.5277])
404,"""Bold New City of the South""",Consolidated City of Jacksonville,1.0,tensor([0.5303])
533,Netherlands,Germany,0.0,tensor([0.5310])
423,prices,function of market price of skill,0.0,tensor([0.5320])
865,2009,the 2009 southeastern Australia heat wave,1.0,tensor([0.5332])
571,Gaelic,"Scots, Gaelic, or any other language with the agreement of the Presiding Officer",1.0,tensor([0.5334])
701,Newton's Third,The third law,1.0,tensor([0.5356])
350,not to grant a consent search,not to talk to police officers,0.0,tensor([0.5379])
468,Yuan T. Lee,Glenn T. Seaborg,0.0,tensor([0.5449])
563,Following a referendum in 1997,1998,0.0,tensor([0.5455])
162,A decade after the 1973,1981,1.0,tensor([0.5462])
723,the Moon,the mass () and the radius () of the Earth,0.0,tensor([0.5475])
933,first,first century AD,1.0,tensor([0.5483])
599,Algeria,Afghanistan,0.0,tensor([0.5504])
149,American aid to Israel,Nixon requested Congress to appropriate $2.2 billion in emergency aid to Israel,1.0,tensor([0.5522])
260,the convecting mantle,convection of the mantle,2.0,tensor([0.5527])
135,Chemical,chemical oxygen generators or oxygen candles,1.0,tensor([0.5547])
609,informal,Informal rule is generally less costly,1.0,tensor([0.5572])
99,electrical generator,a turbo generator set with propulsion provided by electric motors,2.0,tensor([0.5576])
389,National School,National Type,0.0,tensor([0.5595])
912,Irish linen industry,linen,1.0,tensor([0.5613])
123,world's oceans,"in the Earth's biosphere, air, sea and land",0.0,tensor([0.5627])
680,Washington and Thomas Gage,George Washington,1.0,tensor([0.5628])
832,business,major business districts,1.0,tensor([0.5630])
695,Galileo,Galileo Galilei,2.0,tensor([0.5636])
429,top tax rate,progressive tax,0.0,tensor([0.5642])
118,weight,that increase was the same as the weight of the air that rushed back in,0.0,tensor([0.5653])
825,Orange,Orange Counties,1.0,tensor([0.5654])
506,Ten,14,0.0,tensor([0.5656])
505,14,Ten,0.0,tensor([0.5656])
834,Orange,Orange County,1.0,tensor([0.5670])
878,760 mm,760 mm (2 ft 6 in) narrow gauge lines,1.0,tensor([0.5677])
231,99,State Route 99,1.0,tensor([0.5713])
873,passenger,"extensive, electrified, passenger system",1.0,tensor([0.5715])
787,complexity class P,P,2.0,tensor([0.5723])
174,a majority,a Commission proposal,0.0,tensor([0.5728])
249,The Computer Science Network,a computer network funded by the U.S. National Science Foundation (NSF),1.0,tensor([0.5747])
63,Liberal Party,Liberals,1.0,tensor([0.5763])
334,illegal acts,symbolic illegal protests,1.0,tensor([0.5783])
623,blank spaces on contemporary maps,maps,1.0,tensor([0.5783])
880,representatives,representatives elected to either house of parliament,1.0,tensor([0.5827])
637,"""internal colonialism""",internal,0.0,tensor([0.5827])
507,9–88 cm,0.5–1.4 m,0.0,tensor([0.5847])
71,October 2016,2013,0.0,tensor([0.5874])
70,major car brands,car,1.0,tensor([0.5877])
608,"""informal"" imperialism",Informal rule,1.0,tensor([0.5896])
727,Maxwell,James Clerk Maxwell,2.0,tensor([0.5896])
142,first oil shock,shock,1.0,tensor([0.5899])
532,Europe,Germany,0.0,tensor([0.5995])
209,sequential,simultaneous,0.0,tensor([0.6008])
244,an interactive host to host connection was made between the IBM mainframe computer systems at the University of Michigan in Ann Arbor and Wayne State,the CDC mainframe at Michigan State University in East Lansing,1.0,tensor([0.6008])
357,Guilt implies wrong-doing,guilty of doing no wrong,0.0,tensor([0.6018])
582,MSPs,leaders of the opposition parties and other MSPs,1.0,tensor([0.6027])
782,deterministic sorting algorithm quicksort,quicksort,2.0,tensor([0.6066])
18,the bound on the complexity of reductions,types of reductions,1.0,tensor([0.6084])
125,climate,temperatures,0.0,tensor([0.6085])
145,After 1971,1973–1974,1.0,tensor([0.6093])
439,unions,union membership,1.0,tensor([0.6095])
426,low demand,high supply,0.0,tensor([0.6098])
819,beaches,for its popular beaches,1.0,tensor([0.6113])
351,suspect's talking to criminal investigators,responding to investigators' questions,1.0,tensor([0.6117])
907,12 May 1705,1705,1.0,tensor([0.6129])
381,ENR,Engineering News-Record (ENR),2.0,tensor([0.6131])
263,younger than the fault,younger,1.0,tensor([0.6136])
138,oxygen supplementation,Oxygen therapy,2.0,tensor([0.6147])
11,set of triples,triple,1.0,tensor([0.6161])
339,pure speech,forbidden speech,0.0,tensor([0.6163])
900,a High Sheriff and one of the founders of the Bank of Ireland,High Sheriff,1.0,tensor([0.6193])
654,56.20%,35.7,0.0,tensor([0.6199])
415,value added by different classifications of workers,"value added by labor, capital and land",1.0,tensor([0.6209])
436,gender inequality in education,education,1.0,tensor([0.6221])
764,a single output,single,1.0,tensor([0.6224])
741,kilogram-force,pound-force,1.0,tensor([0.6256])
41,Port of San Diego,Port of Long Beach,0.0,tensor([0.6263])
649,Masovian gothic,Gothic architecture,1.0,tensor([0.6305])
821,free,a free state,1.0,tensor([0.6318])
863,most densely populated,most,0.0,tensor([0.6332])
503,"Jones et al. 1998, Pollack, Huang & Shen 1998, Crowley & Lowery 2000 and Briffa 2000",Jones et al. and Briffa reconstructions,1.0,tensor([0.6336])
777,state transitions,"the total number of state transitions, or steps",1.0,tensor([0.6337])
905,in protest against the occupation of Prussia by Napoleon,in protest,1.0,tensor([0.6345])
802,P is not equal to NP,not equal,1.0,tensor([0.6353])
509,regional burden sharing conflicts,varying regional cost-benefit analysis and burden-sharing conflicts with regard to the distribution of emission reductions,1.0,tensor([0.6360])
178,the Court of Justice,The Italian Constitutional Court,0.0,tensor([0.6369])
833,business,business districts,1.0,tensor([0.6401])
230,"8,525","62,528",0.0,tensor([0.6429])
936,electric,electric heating element,1.0,tensor([0.6440])
487,"blood–brain barrier, blood–cerebrospinal fluid barrier",fluid–brain barriers,2.0,tensor([0.6444])
644,452.8 ft,115.7 metres,0.0,tensor([0.6499])
877,"1,435 mm","1,435 mm (4 ft 8 1⁄2 in) standard gauge",1.0,tensor([0.6516])
904,"Charleston, South Carolina",Charleston,1.0,tensor([0.6516])
889,"Charleston, South Carolina",Charleston,1.0,tensor([0.6516])
175,qualified majority,a majority,2.0,tensor([0.6526])
814,demographics and economic ties,economic,1.0,tensor([0.6531])
928,Wales,south Wales,1.0,tensor([0.6535])
69,2009,7 February 2009,1.0,tensor([0.6538])
650,1688–1692,1677–1683,0.0,tensor([0.6567])
108,Philo of Byzantium,Philo,1.0,tensor([0.6571])
8,instances,the instance,2.0,tensor([0.6575])
652,Pole Mokotowskie,Mokotów,1.0,tensor([0.6579])
255,100–106 °F,38–41 °C,2.0,tensor([0.6584])
120,UV,ultraviolet,2.0,tensor([0.6590])
179,article 30,TFEU article 30,1.0,tensor([0.6597])
266,anticlines and synclines,overturned anticline,1.0,tensor([0.6597])
19,if every problem in C can be reduced to X,problem in C is harder than X,0.0,tensor([0.6614])
152,Germany,Italy,0.0,tensor([0.6628])
826,Mediterranean,a Mediterranean climate,1.0,tensor([0.6633])
173,at least 55 per cent of the Council members (not votes) representing 65 per cent of the population of the EU,"74 per cent, or 260 of the 352 votes",0.0,tensor([0.6646])
857,basic channels,the carriage of their respective basic channels,1.0,tensor([0.6647])
763,arbitrary graph,arbitrary,1.0,tensor([0.6648])
922,Huguenots furnished two new regiments,two new regiments,1.0,tensor([0.6651])
129,satellite platform,satellites,2.0,tensor([0.6652])
784,linear time,linear,1.0,tensor([0.6660])
44,Sky plc,British Sky Broadcasting Group plc,2.0,tensor([0.6667])
587,a number of qualifications,qualifications,2.0,tensor([0.6707])
794,Turing machines,deterministic Turing machines,1.0,tensor([0.6733])
607,"""Formal imperialism""",formal,1.0,tensor([0.6734])
879,most seats,the most seats in the Legislative Assembly,1.0,tensor([0.6743])
576,Scottish Parliament,Parliament,1.0,tensor([0.6769])
314,The individual,individuals,2.0,tensor([0.6786])
242,User Datagram Protocol,the datagram model,0.0,tensor([0.6800])
32,the Missouri Compromise,the Compromise of 1850,1.0,tensor([0.6804])
812,10 counties,10,1.0,tensor([0.6808])
328,disobedience of laws,Non-revolutionary civil disobedience,1.0,tensor([0.6815])
835,Southern,Southern California,1.0,tensor([0.6830])
823,southern,southern California,1.0,tensor([0.6830])
843,share recordings,to share recordings and other media,1.0,tensor([0.6843])
893,their own militia,the Huguenots had their own militia,1.0,tensor([0.6849])
565,Parliament of the United Kingdom,The British Parliament,2.0,tensor([0.6853])
65,The Greens,Australian Greens,1.0,tensor([0.6865])
74,Premier,Premier of Victoria,1.0,tensor([0.6871])
17,upper bound,upper and lower bounds,1.0,tensor([0.6880])
798,second level,second,1.0,tensor([0.6882])
134,oxygen and hydrogen,Oxygen gas,1.0,tensor([0.6887])
746,Seljuk Turks,"the Pechenegs, the Bulgars, and especially the Seljuk Turks",1.0,tensor([0.6898])
765,A function problem,function,1.0,tensor([0.6899])
745,Viking,"Norseman, Viking",1.0,tensor([0.6920])
849,1991,autumn of 1991,1.0,tensor([0.6923])
844,2016,later in 2016,1.0,tensor([0.6929])
839,VideoGuard,VideoGuard pay-TV,1.0,tensor([0.6935])
926,1712,around 1712,1.0,tensor([0.6976])
760,round trip through all sites in Milan,asking for a round trip through all sites in Milan whose total length is at most 10 km,1.0,tensor([0.6999])
407,mild,mild and sunny.,1.0,tensor([0.7014])
257,Y. p. orientalis and Y. p. medievalis,Y. pestis,1.0,tensor([0.7018])
710,applied,applied force,0.0,tensor([0.7030])
67,"270,000","121,200",0.0,tensor([0.7040])
168,European Parliament and the Council of the European Union,the Treaties establishing the European Union,0.0,tensor([0.7047])
101,oxides,oxide compounds,1.0,tensor([0.7059])
890,the British Landgrave Edmund Bellinger,Edmund Bellinger,2.0,tensor([0.7068])
433,access to education,Education,1.0,tensor([0.7069])
413,"differences in value added by labor, capital and land",differences in value added by different classifications of workers,1.0,tensor([0.7070])
39,Riverside,Downtown Riverside,1.0,tensor([0.7071])
822,three-region,the three-region point of view,1.0,tensor([0.7097])
52,DVB-S2,DVB-compliant MPEG-2,0.0,tensor([0.7101])
876,"1,600 mm","1,600 mm (5 ft 3 in) broad gauge",1.0,tensor([0.7104])
2,1018,1064,0.0,tensor([0.7157])
840,substantially increased the asking price,that BSkyB had substantially increased the asking price for the channels,1.0,tensor([0.7161])
831,business,major business,1.0,tensor([0.7166])
472,3,three,2.0,tensor([0.7167])
160,Japanese imports,Japanese,1.0,tensor([0.7190])
792,polynomial time,polynomial,1.0,tensor([0.7196])
934,late,late part,1.0,tensor([0.7206])
514,prime ideals,prime elements,0.0,tensor([0.7208])
203,10% of the carbon stores,10%,1.0,tensor([0.7214])
903,wine industry,wine,1.0,tensor([0.7216])
854,essentials,"only ""essentials""",1.0,tensor([0.7218])
783,the computational model,specific details of the computational model used,2.0,tensor([0.7229])
827,Peninsular,Peninsular Ranges,1.0,tensor([0.7246])
761,binary alphabet,binary,1.0,tensor([0.7248])
916,"little Hugos, or those who want Hugo",little Hugos,1.0,tensor([0.7249])
551,Duisport,Duisburg,2.0,tensor([0.7250])
434,optional education,education,1.0,tensor([0.7263])
206,‘combs’ – groups of cilia,cilia,1.0,tensor([0.7264])
16,lower bounds,lower,1.0,tensor([0.7265])
508,50–140 cm,9–88 cm,0.0,tensor([0.7266])
212,515 million years,66 million years ago,0.0,tensor([0.7293])
638,During the 16th and 17th centuries,17th century,1.0,tensor([0.7297])
858,diversified,highly diversified,1.0,tensor([0.7303])
767,an increase in the input size,input size,1.0,tensor([0.7303])
781,time,time complexity,1.0,tensor([0.7304])
743,10th century,the first half of the 10th century,1.0,tensor([0.7304])
504,18 July 2000,May 2000,0.0,tensor([0.7305])
780,complexity measure,complexity,1.0,tensor([0.7307])
159,January 1979,1979,1.0,tensor([0.7317])
881,sports,sports tourism,1.0,tensor([0.7337])
855,Sky TV bills,"claimants' ""Sky TV bills",1.0,tensor([0.7338])
816,12 million,over 12 million inhabitants,1.0,tensor([0.7370])
856,no,no indication,1.0,tensor([0.7376])
161,Japan,Japanese,1.0,tensor([0.7387])
360,arrested,arrest,2.0,tensor([0.7389])
937,port,additional port,1.0,tensor([0.7391])
737,centripetal,unbalanced centripetal force,1.0,tensor([0.7395])
930,three,three or four,1.0,tensor([0.7416])
897,ca. 2 million,2 million,1.0,tensor([0.7429])
406,28,42,0.0,tensor([0.7466])
624,nineteenth-century cartographic techniques,nineteenth-century maps,2.0,tensor([0.7467])
920,"John Pell, Lord of Pelham Manor",John Pell,2.0,tensor([0.7481])
801,suspected to be unequal,unequal,1.0,tensor([0.7503])
811,time and space,definitions of time and space complexity,1.0,tensor([0.7503])
87,1530,1523,0.0,tensor([0.7516])
908,"""Apologie""","Apologie"" of William the Silent",1.0,tensor([0.7548])
171,the Commission,The European Commission,1.0,tensor([0.7575])
906,the Catholic Church in the region,Catholic Church,1.0,tensor([0.7594])
744,Catholic,Catholic orthodoxy,1.0,tensor([0.7598])
824,international metropolitan,an international metropolitan region,1.0,tensor([0.7613])
892,William III of Orange,Stadtholder William III of Orange,2.0,tensor([0.7634])
924,solar,solar power,1.0,tensor([0.7645])
47,September 2007,March 2008,0.0,tensor([0.7663])
898,the revocation of the Edict of Nantes,Edict of Nantes,1.0,tensor([0.7668])
759,determine the practical limits on what computers can and cannot do,what computers can and cannot do,2.0,tensor([0.7703])
795,more efficient solutions,shown to have more efficient solutions,2.0,tensor([0.7716])
422,workers wages,wages,2.0,tensor([0.7717])
790,Karp reductions and Levin reductions,"Cook reductions, Karp reductions",1.0,tensor([0.7731])
270,health care professional,pharmacy health care,1.0,tensor([0.7738])
561,1935,1930,0.0,tensor([0.7744])
789,quantitative statements,quantitative,2.0,tensor([0.7747])
902,the founding of new Protestant churches,founding of new Protestant churches in Catholic-controlled regions,1.0,tensor([0.7750])
491,cytotoxic or immunosuppressive drugs,Cytotoxic drugs,1.0,tensor([0.7768])
778,computational resource,computational,1.0,tensor([0.7773])
868,curriculum,curriculum standards,2.0,tensor([0.7778])
862,National Party,National Party of Australia,1.0,tensor([0.7782])
770,A deterministic Turing machine,deterministic,1.0,tensor([0.7784])
895,"""Huguenot Street Historic District"" in New Paltz",Huguenot Street Historic District,1.0,tensor([0.7796])
131,magnetic field,magnetic,2.0,tensor([0.7808])
940,cylinder volume,cylinder,1.0,tensor([0.7813])
938,565,565 °C,1.0,tensor([0.7813])
323,civil rebellion,rebellion,1.0,tensor([0.7852])
785,single-tape Turing machines,single-tape,1.0,tensor([0.7866])
874,1851,in 1851,2.0,tensor([0.7870])
432,the Gini index,Gini,2.0,tensor([0.7876])
853,36%,36% of households,1.0,tensor([0.7885])
456,"5,000","around 15,000",0.0,tensor([0.7888])
915,they were accepted and allowed to worship freely,allowed to worship freely,1.0,tensor([0.7892])
274,pharmacists practicing in hospitals,clinical pharmacists,2.0,tensor([0.7900])
872,freight services,freight,1.0,tensor([0.7903])
891,Pons,Pons in France,1.0,tensor([0.7931])
771,A probabilistic Turing machine,probabilistic,1.0,tensor([0.7932])
747,1050s,in the 1050s,2.0,tensor([0.7935])
861,Liberal Party,Liberal Party of Australia,1.0,tensor([0.7939])
12,the instance,the size of the instance,1.0,tensor([0.7957])
749,1082,February 1082,1.0,tensor([0.7971])
848,March,in March,2.0,tensor([0.7972])
625,European,Europe,2.0,tensor([0.7985])
918,Jean Cauvin (John Calvin),Jean Cauvin,2.0,tensor([0.7990])
748,1060s,In the 1060s,2.0,tensor([0.7990])
447,among states in the US with larger income inequalities,countries with bigger income inequalities,1.0,tensor([0.7991])
829,San Andreas,the San Andreas Fault,1.0,tensor([0.7998])
845,2016,in 2016,2.0,tensor([0.8001])
387,0.5,6.1,0.0,tensor([0.8015])
867,some extra costs,some extra costs are levied,2.0,tensor([0.8021])
927,Abercynon,Abercynon in south Wales,2.0,tensor([0.8028])
896,"an estimated total of 75,000 to 100,000 people","75,000 to 100,000",1.0,tensor([0.8064])
836,2018,in 2018,2.0,tensor([0.8074])
817,San Diego,the San Diego area,2.0,tensor([0.8128])
49,January 2010,February 2011,0.0,tensor([0.8140])
931,quadruple expansion engines,quadruple,1.0,tensor([0.8149])
941,reciprocating steam engines,reciprocating,1.0,tensor([0.8152])
917,double or triple non-French linguistic origins,non-French linguistic origins,1.0,tensor([0.8161])
127,lower global temperatures,lower temperatures,2.0,tensor([0.8173])
774,the machines operate deterministically,deterministically,1.0,tensor([0.8173])
762,adjacency matrices,directly via their adjacency matrices,2.0,tensor([0.8183])
656,Chevrolet Aveo,Aveo,1.0,tensor([0.8185])
887,Around 1294,1294,1.0,tensor([0.8209])
750,Deabolis,the river Deabolis,1.0,tensor([0.8230])
430,tax system,progressive tax system,1.0,tensor([0.8251])
121,seawater,sea water,2.0,tensor([0.8266])
925,Rankine,Rankine cycle,1.0,tensor([0.8275])
213,515 million years,66 million years,0.0,tensor([0.8280])
775,unusual resources,more unusual resources,2.0,tensor([0.8281])
939,Stockton and Darlington,Stockton and Darlington Railway,1.0,tensor([0.8290])
772,A non-deterministic Turing machine,non-deterministic,1.0,tensor([0.8292])
894,one million,Approximately one million,1.0,tensor([0.8322])
631,The British Empire,The British,1.0,tensor([0.8323])
859,Buckland Valley,Buckland Valley near Bright,2.0,tensor([0.8346])
54,free-to-view,free-to-air,1.0,tensor([0.8364])
6,the problem,a problem,2.0,tensor([0.8364])
45,£1.3bn,£4.2bn,0.0,tensor([0.8367])
837,an official school sport,an official school,1.0,tensor([0.8373])
830,Puente Hills,the Puente Hills Fault,1.0,tensor([0.8393])
754,William II,Duke William II,2.0,tensor([0.8393])
107,Joseph Priestley,Priestley,2.0,tensor([0.8410])
935,several hundred,several hundred horsepower,1.0,tensor([0.8417])
820,open spaces,nearby open spaces,1.0,tensor([0.8421])
43,Chivas USA,Chivas,2.0,tensor([0.8426])
4,dukes,the dukes,2.0,tensor([0.8442])
112,Earth's crustal rock,Earth's crust,2.0,tensor([0.8448])
106,nitroaereus,spiritus nitroaereus,1.0,tensor([0.8460])
806,Presburger arithmetic,Presburger,1.0,tensor([0.8465])
5,computational problems,A computational problem,2.0,tensor([0.8478])
813,economic center,major economic center,2.0,tensor([0.8488])
756,King Malcolm III of Scotland,King Malcolm III,2.0,tensor([0.8507])
769,polynomial time algorithm,polynomial time,1.0,tensor([0.8517])
9,solution,the solution,2.0,tensor([0.8527])
910,Williamite war,Williamite,1.0,tensor([0.8529])
932,lengthening rubbing surfaces of the valve,lengthening rubbing surfaces,1.0,tensor([0.8529])
188,shipping toxic waste,toxic waste,1.0,tensor([0.8532])
803,complexity classes,many complexity classes,1.0,tensor([0.8543])
797,polynomial time hierarchy,polynomial time,1.0,tensor([0.8548])
852,25m,25m people,1.0,tensor([0.8553])
883,about one-eighth the number,about one-eighth,2.0,tensor([0.8559])
800,The integer factorization problem,integer factorization,2.0,tensor([0.8562])
766,the integer factorization problem,integer factorization,2.0,tensor([0.8562])
193,the Atlantic,Atlantic,2.0,tensor([0.8570])
211,66 million years ago,515 million years ago,0.0,tensor([0.8572])
804,exponential-time algorithms,exponential-time,1.0,tensor([0.8585])
758,inherent difficulty,their inherent difficulty,2.0,tensor([0.8587])
751,1185,in 1185,2.0,tensor([0.8590])
296,doctrine of Satyagraha,Satyagraha,1.0,tensor([0.8599])
768,Cobham's thesis,Cobham's,1.0,tensor([0.8602])
866,state or government,state or government schools,1.0,tensor([0.8608])
755,1066,In 1066,2.0,tensor([0.8642])
753,1041,in 1041,2.0,tensor([0.8648])
773,time and memory,time and memory consumption,1.0,tensor([0.8650])
805,NP-complete problems,NP-complete,2.0,tensor([0.8662])
10,decision problems,as decision problems,2.0,tensor([0.8663])
757,early 11th century,11th century,1.0,tensor([0.8667])
846,22 May 2006,on 22 May 2006,2.0,tensor([0.8668])
911,flax cultivation,flax,1.0,tensor([0.8672])
860,"over 1,000","1,000",1.0,tensor([0.8673])
888,at the Cape of Good Hope,Cape of Good Hope,2.0,tensor([0.8685])
875,two-thirds,nearly two-thirds,1.0,tensor([0.8692])
869,May 2013,in May 2013,2.0,tensor([0.8700])
909,the doctrine of transubstantiation,doctrine of transubstantiation during Mass,1.0,tensor([0.8708])
886,availability of the Bible in vernacular languages,the Bible in vernacular languages,1.0,tensor([0.8724])
850,"100,000","over 100,000",1.0,tensor([0.8734])
742,10th and 11th centuries,in the 10th and 11th centuries,2.0,tensor([0.8739])
851,Video On Demand,Video On Demand service,2.0,tensor([0.8765])
870,October 2016,in October 2016,2.0,tensor([0.8769])
815,Southern California Megaregion,the greater Southern California Megaregion,2.0,tensor([0.8776])
796,The graph isomorphism problem,graph isomorphism,2.0,tensor([0.8785])
847,8 February 2007,On 8 February 2007,2.0,tensor([0.8788])
752,King Ethelred II,Ethelred II,2.0,tensor([0.8788])
842,July 2013,In July 2013,2.0,tensor([0.8797])
838,January 2010,In January 2010,2.0,tensor([0.8799])
791,polynomial-time reduction,polynomial-time,1.0,tensor([0.8801])
793,there is no known polynomial-time solution,no known polynomial-time solution,2.0,tensor([0.8804])
885,Amboise plot,Amboise,1.0,tensor([0.8819])
841,Video On Demand,Video On Demand content,2.0,tensor([0.8848])
322,non-violence,non-violent,2.0,tensor([0.8858])
871,"2,000 m","almost 2,000 m",1.0,tensor([0.8886])
882,regional cities,in regional cities,2.0,tensor([0.8905])
786,Cobham-Edmonds thesis,Cobham-Edmonds,1.0,tensor([0.8908])
921,into the nineteenth century,well into the nineteenth century,1.0,tensor([0.8942])
216,"sponges and cnidarians, ctenophores",cnidarians and ctenophores,1.0,tensor([0.8945])
818,17.5 million,over 17.5 million,1.0,tensor([0.8954])
913,Prince Louis de Condé,Louis de Condé,2.0,tensor([0.8960])
899,"Kent, particularly Sandwich, Faversham and Maidstone","Sandwich, Faversham and Maidstone",1.0,tensor([0.8970])
828,$20 billion,over $20 billion,1.0,tensor([0.9027])
864,"""entrenched"" provisions","certain ""entrenched"" provisions",2.0,tensor([0.9036])
901,granted the Protestants equality with Catholics,granted the Protestants equality,1.0,tensor([0.9037])
810,foundations were laid out,numerous foundations were laid out,1.0,tensor([0.9054])
84,1562,1564,0.0,tensor([0.9059])
779,"best, worst and average","best, worst and average case",2.0,tensor([0.9066])
923,Federal Minister of the Interior,Minister of the Interior,2.0,tensor([0.9072])
463,a board of trustees,The Board of Trustees,2.0,tensor([0.9086])
189,the Daily Mail,Daily Mail,2.0,tensor([0.9086])
511,IPCC,the IPCC,2.0,tensor([0.9128])
807,NP-complete knapsack problem,NP-complete knapsack,2.0,tensor([0.9173])
799,Laszlo Babai and Eugene Luks,Babai and Eugene Luks,2.0,tensor([0.9190])
884,from 1562 to 1598,1562 to 1598,2.0,tensor([0.9197])
126,oxygen-18,oxygen-16,0.0,tensor([0.9257])
808,in less than quadratic time,less than quadratic time,2.0,tensor([0.9328])
492,adaptive immune system,the adaptive immune system,2.0,tensor([0.9335])
788,a proper hierarchy on the classes defined,a proper hierarchy on the classes,2.0,tensor([0.9353])
914,Count Ludwig von Nassau-Saarbrücken,Ludwig von Nassau-Saarbrücken,2.0,tensor([0.9497])
184,the Charter of Fundamental Rights of the European Union,the Charter of Fundamental Rights of the European Union of 7,2.0,tensor([0.9545])
809,NP-complete Boolean satisfiability problem,NP-complete Boolean satisfiability,2.0,tensor([0.9629])
130,Liquid oxygen,liquid oxygen,2.0,tensor([1.0000])
14,Complexity measures,complexity measures,2.0,tensor([1.])
15,Complexity measures,complexity measures,2.0,tensor([1.])
480,four,Four,2.0,tensor([1.0000])
486,Southern,southern,2.0,tensor([1.0000])
